userID,itemID,rating,timestamp
A1UFEGJZSNMAWI,B001KOS5UM,5.0,1280448000
AJQ0C5XWN1B03,B0009PLM26,3.0,1395964800
AIETBFISNNORJ,B004DEHJZ8,5.0,1313798400
AOCOPYY308JMY,B009AQIZYS,5.0,1376006400
A2CVDNSC8MHNDT,B004M4PC3U,1.0,1368057600
AYX1FRZ5U168V,B004QJOZS4,4.0,1358467200
A14NMB6R7CAYTA,B009A881FE,1.0,1372636800
A13DNFPXX0L63S,B0041T4DK4,5.0,1328054400
A1FCI8CFITU5X,B0002D0HY4,5.0,1390953600
A3GIB1AA7FNH11,B000SBAAM4,5.0,1213401600
A2BMDVRJE9GIWQ,B002HJBJPM,1.0,1344729600
A20HHQGMFNA56I,B00FPPQYXM,5.0,1392595200
A3RFJK9WWJK097,B0002II6LK,5.0,1334880000
AJNEJSL2LI0FM,B0002GFQ10,4.0,1401148800
ARB7ZQ6PPIEPG,B00GI2L1RK,4.0,1391817600
A2N0EIDRYZS9CU,B0057UGW5A,4.0,1401321600
A2CDY4M6SGSXMB,B001MSS6CS,4.0,1359504000
A2P1NZC0EFYMPR,B0016MNBAM,5.0,1393113600
AEHJ148L5LARZ,B008K6XO4U,5.0,1378771200
A1F7J59CCSPSLB,B000VBH2IG,5.0,1273708800
AHWYLZRPH6UMT,B000UNYK76,5.0,1191283200
A3G8CSP3VJ8GXP,B002SSU89U,5.0,1293580800
A3NMBJ1MY7Q1M7,B000SBDR38,5.0,1320796800
A24TP80CWWEJL0,B008GBJ5X8,5.0,1401926400
A1CMJRFWUGU95S,B004B4D4TU,5.0,1354665600
A2FL0EKQ2EQ9E6,1417030321,5.0,1144540800
A3DXYJA9L2H8X4,B0000WS6QI,5.0,1373932800
AURQN9R3YTOML,B00IKM5L6I,5.0,1404172800
A3A2DUZJXZMODV,B0002M6ACS,5.0,1176508800
A1LHQHDNTPV4H,B0037M62AK,5.0,1335398400
A3ULAKV5M67Q7O,B0002D02K8,5.0,1181692800
AXZC7V1W3H13L,B004W94C5O,5.0,1363132800
A3F4C09LC2C0DT,B005N4N2CQ,5.0,1338336000
A1OBPRE3L30EFK,B000EEHFAA,5.0,1351555200
A1X7GKKTVP9LV,B00BLQ7M4E,5.0,1374192000
AI7P7PNS26WN4,B002M8GBDI,3.0,1400371200
A3IPXB5CUEJO3D,B00009W40P,1.0,1323907200
A3HRN85Z2FJPPH,B002UQD4CS,1.0,1317513600
A1NYADUFPSSV27,B007JX8O0Y,5.0,1374537600
A2LN8FJPD6GBTX,B0041B5B1C,5.0,1361145600
ATY1RM0NAU1Y7,B0002CZSJY,5.0,1357257600
AUS5X6IMFLJBD,B0002F7K7Y,4.0,1334793600
A1NM6O2Z3FACV4,B0002CZTI4,4.0,1358726400
A3U38INYX57WU7,B00006J04Y,1.0,1183334400
A2KHTT9IKL5S86,B006MNGBR0,5.0,1337472000
AY8P5SRX55Q46,B000EEI6UI,2.0,1279065600
A3GTUNDBLPC00I,B004LG93KC,5.0,1336694400
AL2YTWOG0HZJU,B002AKKOF4,5.0,1328140800
A15UNNSL075W94,B004NQD7I4,5.0,1329868800
A2BPZOD7PEHPDM,B00143XEH8,1.0,1392336000
APIFZYBRVZCJ6,B000XPNWU2,4.0,1304035200
A11L2ZNYIQOEJA,B001SC4I16,3.0,1402358400
ARQKZ180MEK9A,B00009ATL2,4.0,1069891200
A1FSC3T4CCJD3K,B004UIDPIW,5.0,1351036800
A109WIE49N0GV,B002S4DN7S,4.0,1258416000
ABEQJOG7TS8GT,B0049FEPOE,5.0,1300752000
AK9VP5TFUCPTK,B00I8RSQBW,5.0,1404950400
AT9YCZ124H49S,B003JH7XZQ,4.0,1393977600
A1VP2TWZD6KSFC,B008DB1TSU,5.0,1398556800
A1JAOG0KYIN0IJ,B000CAKVI4,5.0,1202342400
A1RUAFY722Q11L,B0016MLUKU,5.0,1258848000
A3DUSWQ8W93NEW,B00I3TWZ9Y,5.0,1396828800
A2TK5XCBYRIZLQ,B0096DKIPY,5.0,1401494400
A3LXYBBLOOEOMQ,B001LJUVO4,5.0,1306281600
A3MF15TAVLCT91,B003DVGVIS,3.0,1383868800
A3N0VDQD8KARH5,B00BPQ9SHO,5.0,1395619200
A158D5VLXKQ4I6,B0002CZW0Y,5.0,1365379200
A84AWKEFSSF86,B000021YKA,4.0,1202428800
A184FJ9SZ2JM2Z,B0002F5D0U,5.0,1396051200
A2053ZJUGCKUA5,B003DVGVIS,5.0,1375315200
A2QJWHH54S19R4,B000QGCJU2,5.0,1363651200
A3AU36JUTFFFHF,B001RI60RQ,5.0,1396483200
A2GIVRRXBP54NF,B001BGTWY2,5.0,1234569600
A310QV7YXVZB4U,B0009G00JG,5.0,1313539200
AFQ7O8FOQWD9X,B001FB5YVS,3.0,1237507200
A2Q9KC0MHMN2D7,B003MQN9M0,5.0,1366761600
A22427T2KETU7E,B003AYF2JW,5.0,1302652800
A19SMYKPPB4YGO,B0002F6JGW,5.0,1324944000
A3LT7QFCXFAZ4V,B007J4AFE6,4.0,1398816000
A5VQG8GT7P6WP,B005KSUZPW,5.0,1342569600
A1UAAH7GB4W4HS,B001UETZCE,2.0,1390953600
A3OUKB1THV6NJ6,B002AK6NBI,5.0,1370822400
A24SMYW9WPEBMK,B0006MQ12I,2.0,1179705600
AKHGEA6O4XRJQ,B00CZRI206,3.0,1383350400
ADSJKDJ15ETD4,B000ULAP4U,5.0,1351036800
A1CO06E8WM8MAZ,B004GH8QTA,5.0,1392768000
A21BRR8QVU94P4,B002UR3JVI,5.0,1359763200
A17OF6WF11SFPG,B000EEJI7S,4.0,1214438400
A3FTZOZQR02L62,B0002GZBO2,4.0,1353369600
A1PNTPQ1KZLJFG,B000EEJ3R8,5.0,1396137600
A33OCS40YAKENQ,B0002H0KG0,4.0,1333584000
A2VEBMUK7NNLHY,B0064RRBZ0,5.0,1370390400
A1CWRKDULFQY3C,B0016IQF3G,5.0,1377561600
AL069ZXKOQ6RC,B008GHJT38,4.0,1395100800
A1Q70BDWEHTCYY,B00002DDSF,4.0,947548800
A178VYLCVJ2G75,B0002CZSJO,5.0,1391644800
A1IT24E55KVCM,B000MXJIL2,5.0,1364947200
A1H10LSYDJW9W2,B0002F5IJQ,1.0,1347926400
A2O8OZH977SVYR,B0002CZVX2,5.0,1377561600
A32BZ4NRJXW0N8,B00BUQWA42,5.0,1381104000
A371KTVL35GLP4,B00160PRBU,4.0,1351036800
A25QVO283MA6FW,B00AWVSEIC,5.0,1379289600
AFUNA1LC6D5U5,1417030321,4.0,1139875200
A3FM4X4NLTGYH0,B0000AJXW3,5.0,1303084800
A1CARFPPP4VA9F,B004RNN684,5.0,1405209600
A20I37YVDJ54VZ,B001OADDMC,4.0,1327017600
A21JWM5FNK4NA8,B00178SHJK,5.0,1392768000
A274FUNWY83GB8,B0073XGXV2,4.0,1389139200
A2BD7ZZGEEUCJ4,B002C4OUMQ,5.0,1395187200
A2FWXXJHBVZQ1K,B003YB8GNK,5.0,1330300800
A2UDXJBVKH31U3,B009STRJOE,5.0,1377129600
A2G9UCBLL9YLET,B0002E2KPC,5.0,1362700800
A2W1245KTYFYG2,B0011V7P0K,4.0,1388707200
AD1L3ZHLHB9FD,B000XPO0IU,5.0,1393027200
A2IZ3Y69021TOQ,B000068QRW,5.0,1375228800
A28ZDGU5V3X7F5,B00B8463C6,3.0,1383436800
AVDGJ34WT6UPG,B0002GMGYA,3.0,1403740800
A2KT3127VQXVR7,B001RF801I,5.0,1401235200
A1YXFFP9DZYYY4,B001MX7O3K,4.0,1396310400
A2EJ1TE5CVV5PY,B000K6B2DI,1.0,1336435200
A1VHIAZFAJDH3L,B004VDD4SC,4.0,1395705600
A3DN2EUCBGBW10,B00167UQLO,5.0,1294790400
A2VVR7QLX0YTU9,B00I9AILOU,4.0,1404864000
A1MKFHRHGKW550,B0002U3S0M,4.0,1392336000
A2V1MRXYW1SLZ6,B008B0WOQO,5.0,1356480000
A3F32G4GQXDY4H,B0010K8IM6,3.0,1357689600
A33T8O72UNBVR,B001MSS6CS,5.0,1348790400
A3EOU8UKTUVYK8,B0002F79CK,3.0,1342569600
A2RZT9D69VGOY2,B003PVIWFQ,5.0,1388534400
A2TWKUQ55PIR3Y,B0006PXXR6,5.0,1326412800
A9TUK38FM6VY9,B009KE33W4,5.0,1374883200
A3G7GH5333E1PB,B0002F519I,5.0,1311897600
A2BK9K2MAF5NJ0,B00125Z14C,5.0,1255478400
A2VHOCS41YJ8VY,B00CFXH4S6,5.0,1405728000
A27PJN1QOYZIQC,B00D6CZ1C6,5.0,1377993600
AOKLZ5L6ADWKP,B007IVUPWC,5.0,1358467200
A3QSMCAGMZWMK3,B0002F58TG,4.0,1355529600
A3KEWEHJH81Y95,B0002KWSKS,5.0,1176076800
A1EMTRDX5PBNCP,B007W514YW,2.0,1404432000
A2XD3S32Q5E7OM,B001VEHXDQ,4.0,1295308800
A17BIOADPHMEKA,B002NM0HHY,2.0,1358208000
A1L2CS5CXR7WR9,B0000009K4,5.0,1125100800
A1SNPTLREC9HAX,B003SENQB0,5.0,1357948800
A1PRJB2QGXOZII,B0046TE3W2,4.0,1363564800
A182M1P3VNSI4R,B00009J580,5.0,1302480000
AFB1H9YGCFEG0,B005N4N2GC,2.0,1399420800
A31ZCGHY56QUBI,B002R2IUEW,3.0,1388016000
A3LQRQDJ7NHC8E,B000E39SEC,5.0,1269993600
ABQEXHZIKHDZV,B002MB44EI,5.0,1401062400
A3NZ21ULBUU0A3,B000PHEF7W,5.0,1302825600
A3AE4TPS42INI5,B0002D06EU,4.0,1347148800
A1XTX9H260CZ7K,B002Y4Z53W,5.0,1356652800
A254IT880WP6FY,B001R76D42,5.0,1367020800
ADWXH9VLB30TW,B005C98470,5.0,1354579200
A3IJD6U12DK3CH,B001EL6I8W,5.0,1402444800
ACOKARD74UR4N,B000WMATUC,3.0,1265673600
AE2PHZIFBGV52,B001BBQDYY,5.0,1339632000
A2VJUDCCS2UNJR,B000VBH2IG,5.0,1254268800
A1MV9LO1EL2MLC,B00061ZM2Y,1.0,1278201600
A16YIIR4ZLHPQO,B008B83SY8,4.0,1368230400
A3TL7YXU18HCA6,B00713R2ZK,2.0,1399852800
AMZH0ZHV9L2Q3,B000VBH2IG,5.0,1269043200
A1U4C2FOFWZ6ZQ,B000FUF6W2,4.0,1357603200
ASW1PYT75GW3Z,B006OTYCYG,5.0,1381708800
A28GHFUPEZR4I8,B00BLVZWCI,5.0,1390521600
A9I40WFF40R4,1417030321,5.0,1134864000
AQ9T9A5WJXVA9,B0000ADXFW,4.0,1115424000
A22LE2JAII1U84,B0000025PT,5.0,998784000
A35M3N9ATKG2YU,B000ULAP4U,5.0,1352592000
A1GPDE0SVI2EUP,B0009IW8SK,5.0,1147392000
AS6DK4GAI5LN5,B001CW4TSY,5.0,1337299200
A17K40V8MHPV5,B000E3F0B2,3.0,1287360000
A2SFQW36JXEZEL,B001T9O5RK,5.0,1311811200
A24WEPUDCOSJNC,B000IKSIOM,5.0,1264550400
A3H8Q0QMY3S1BL,B0002D0C2G,5.0,1397952000
A2RLQKE9NHSSZB,B001MX9XPW,5.0,1283212800
A1TXKIBWHET5UO,B0037S2EE2,5.0,1134950400
A2JVCXPHTHC1C9,B00136WW5G,5.0,1311206400
AM5179GFHT8VF,B000VO8O9O,5.0,1262476800
AUJ2BND9TERSV,B0029RRGNG,4.0,1386028800
A2X3AFJHKLJZYX,B00646MZHK,5.0,1400803200
A1LBTQ884J8MCO,B00004XQ83,3.0,1099612800
A1PDQBEIGEU4N0,B00077F93O,5.0,1375056000
A10ZWKWG5L5CV5,B000Q87DAQ,5.0,1361232000
A1746NHDF3PF3H,0634065459,5.0,1295913600
A1R6ENB85AO8I9,B001A00MDO,5.0,1355529600
ANF5EWXGM893M,B000ULAP4U,4.0,1389225600
AKHGSXM3LR64X,B000CQZG5Q,1.0,1163030400
A3MBVR9VSZJNI3,B001SN7V3C,5.0,1369180800
A1L0CTWNJLJ4FX,B0002GZLZQ,2.0,1342224000
A2MDPZ3C4EEFAK,B0031ATXWM,3.0,1314576000
A2052YMRM8WSOG,B0027M30Z6,4.0,1355529600
AAS3OKUPIY8UI,B0002OSBBE,3.0,1366416000
A1ZDRSKLSHM7GE,B000GT44C0,5.0,1361404800
A3IUTWX0XF6EQY,B001GF9M48,1.0,1374796800
A29ANAC9GHVJHX,B001UJEKZ6,4.0,1345852800
A2WM9KRXC8YCFP,B003ELOQCA,5.0,1361232000
A26C22ZBZYSUK0,B00BHN05H2,4.0,1385596800
A2ECFH3VU3814J,B001140OZ0,5.0,1375574400
A3F94YEGNSOFCH,B000CBZY7G,5.0,1355875200
A14UGJIJIWE3TP,B003B1GTU0,3.0,1403308800
A1USK2R3M9E3H1,B003OCM4AA,5.0,1393200000
A13BUL0W9NZZAY,B005MR6IHK,5.0,1390262400
AC3CDA0SODXCQ,B000ULAP4U,5.0,1325808000
A2DVR8H265EUH9,B0002F5AR6,5.0,1373068800
A39EOK9XJP556V,B000WZKBGG,5.0,1248566400
A2NJKNNQSIH1S2,B00A2WZJDE,5.0,1381881600
A22BMXRZ842ZR4,B0002E3A8S,5.0,1280361600
A180AIG9XAXU9B,B00DM129P8,5.0,1396224000
A3119E8HWUNIR6,B0023BYDHK,4.0,1293840000
A1CBO3ZP0B7HEP,B006NFENXG,5.0,1386374400
A3QDO6KGN2DJRQ,B0002CZW3Q,5.0,1228694400
A31D7QPVTMYW9S,B005TKHKJ0,1.0,1391040000
AOZAIIPUFPI3S,B000VQZN4G,1.0,1358121600
A1WYITT2LMM088,B000EEJBSY,3.0,1398902400
APVY3A0808PDS,B000VUDIL2,5.0,1283126400
A3W55450EB124P,B005FIFM14,5.0,1389657600
A24XX51NOSLUV2,B008R7F0A8,4.0,1388275200
A3SUCE75BPMFET,B00DDXK1BE,5.0,1399161600
ARKRKZSTFP6S4,B006KSM7ZM,5.0,1401667200
A37L6SW1JKTX6N,B0002E2S36,5.0,1369353600
A2X30YZKZXFTRU,B00GO55PAA,4.0,1389657600
A31YRIS0APYEP7,B001PGXHX0,5.0,1265846400
A1WKT01UE288QX,B008UNTB5Y,5.0,1388620800
ARU6DU3MM2WES,B000026H00,3.0,1127692800
A3W1UWROQP0SAR,B00006JPFD,3.0,1202774400
A1ZD8XRLJZFDQB,B000EVD3QS,4.0,1169337600
A2F4CM8WPBJ7BV,B0009MH5P2,4.0,1193443200
AAMY60JDJK466,B000EEL7T0,3.0,1347062400
A4GGT6O0GQNV2,B00HTXIP4E,4.0,1402185600
A1L1RG5ZCBAWO7,B00AUCJC4I,5.0,1401235200
A28MUJMIXCZDBB,B00BUNR6SU,4.0,1399939200
A2L1BMXX7RRKFC,B001P3ZH2C,5.0,1280275200
AG18L9WZ7ZCM6,B008P5RS6Q,3.0,1398902400
A3KPTZMIVM5YP1,B005LYIW3W,4.0,1394323200
A1NAPR9B49WL4C,B002YC36ZI,5.0,1382572800
AWW4FF23VCSYG,B003AJFVUM,5.0,1372204800
A2K5IZ8UR8GVXF,B00A716FB0,4.0,1389052800
A1I32A4YCT5ITX,B001L8KFCI,5.0,1381536000
A1KV72W233C3I7,B000QDPSQ2,5.0,1395100800
A3HMFQWM9Q21SD,B00352MHGA,4.0,1325376000
A3FBE4WF5KQRR1,B0002F7K7Y,5.0,1396656000
AFQH984YJIETI,B00F4UDYSG,4.0,1394755200
A3VS1STRMUI9AA,B00029LNDC,4.0,1267660800
ASRIBZ240RT7G,B00150OYGK,1.0,1381881600
A2GKU2SI8Q97NG,B0002I8YGM,1.0,1377475200
A3KIYYOCEZ0T4I,B0009JR9YC,5.0,1267315200
A1CD7IUM2JRPY1,B0002CZVXM,4.0,1325289600
A0890119SIO56RPW13XE,B0006NDF6C,5.0,1361577600
ALE5WG8FB5GQ3,B00B6S56X6,5.0,1371945600
A346RKUVI8AP8K,B000SAC5PA,4.0,1277337600
A39USG2JQCE1OP,B000068NTZ,4.0,1377648000
A7VL8ABU41LY3,B00F0O8SZK,5.0,1388707200
A3QXGO1IIPLU2U,B003W4B6HW,1.0,1290384000
A1MLK6KZDV82MY,B000BUPE1O,5.0,1258070400
A2HJN3F3NFHSLN,B0002D05RS,5.0,1354233600
A1VCV812D2ND65,B000NJY60S,5.0,1255737600
A2499HF6FVX25R,B00D0C4NHG,5.0,1381104000
A36KP6KBIR04A6,B004NXKVY0,4.0,1357257600
A1Z3HLVUUAFUIA,B009MIBIWK,5.0,1363564800
ABFMAEXA6UCKL,B0006DONOK,1.0,1370563200
AZW9NKBSA2UCS,B00005YX0M,5.0,1107475200
A34W19R9I9KPH0,B000EE8YPK,5.0,1356566400
A2AC1XVJ31ZREK,B003UVASTO,5.0,1364515200
AD8ZNGAEED0L7,B003VWJ2K8,5.0,1389657600
A36TVNMIGK18HL,B004UJHXXY,5.0,1343001600
A3CSSZ6U5J4YS5,B0037GXRHM,2.0,1362528000
AJR875MRQIXQ1,B002Z5ZOGS,3.0,1268438400
A1FEJ6U3F7Q909,B000EELCHM,5.0,1382486400
A1BBAXEF42CE93,B003NWYRLU,3.0,1389052800
A6D91KPQGIDKZ,B004VQHTD0,5.0,1340323200
ACOCW731VARV6,B0000D1FEL,4.0,1158796800
AV6JD8C8S75NG,B0091V6T1I,5.0,1381104000
A2WVJ32NBQUZH4,B004OU2IQG,5.0,1383436800
A3I37YQFNO548K,B0087UPWA8,5.0,1387411200
A3LM2YCDD8HR7G,B000KW2YEI,5.0,1241395200
A1Q05UBA8O3WUM,B0002F53FK,5.0,1360454400
A1PGJ4IX4X0B2F,B00B915M84,1.0,1371340800
AT5SDPD82R8RF,B001YEDHDI,3.0,1359072000
A3566NKL3D1GWH,B001I1PWTY,5.0,1389052800
A10YLS4OWHB8F2,B001C57Q1I,5.0,1320537600
A203OCQQ12MAVT,B000PFQ46Y,4.0,1266019200
A1CD4K308G1PKI,B002RXXOX8,5.0,1356393600
A1DTAAJ2UP6C41,B003B1G62G,5.0,1381536000
A30D4S1E8I6ULK,B0002HU8EE,5.0,1252713600
A3RYYRC3OVL03A,B0002H0RN6,5.0,1355270400
A1IQ04SKFHA8FY,B002024UDE,5.0,1360886400
A2CWWWQIC7Y7XM,B0002OFWL6,5.0,1370131200
A3W3578PH44GNF,B004KJPVYW,5.0,1305504000
A12XCLTQPEIQXG,B000637LV2,5.0,1376006400
A1BBSQ6FTA5HW2,B0043UOQ26,5.0,1357948800
AQWQBHZ0XQ7C6,B002Y2SG08,1.0,1397433600
A3IAD95LNZGJ3,B000FIZISQ,5.0,1362009600
A3BLRPJIBQWP3U,B0002F7AR4,5.0,1375920000
ASSAJU16BTEXZ,B00CFS5P6Y,4.0,1380672000
A16IPWTEGWVBPJ,B005PNXT6E,4.0,1355270400
A36R4XSIRCHE94,B000068NTZ,5.0,1300752000
AURQ89NSMUWGP,B008PBTSTA,4.0,1394755200
A2DAOYOXVASNSU,B002R2IUEW,5.0,1304640000
A3AV5GJJA1973L,B000BH437S,2.0,1374278400
A2QOVGGFW2HN9M,B0027P9D8Q,5.0,1385769600
A2O645V83HVSMV,B000EEHMXA,4.0,1329091200
A157SJJ3HNQRIK,B00HEQ6J0I,5.0,1401148800
A2QL3LATJJQO9P,B00064TZYW,5.0,1323907200
A3OO458FSOFPJ3,B0002D0CEO,5.0,1274745600
A3TG6Q2K3T6BGK,B004UNL1P6,5.0,1374451200
A3I5DMPYB3NI07,B003VYBNF8,4.0,1335312000
AGTXQ65204BLI,B000KN0BYM,5.0,1294963200
A3IWLVCZ0CH36M,B000ULAP4U,5.0,1371686400
A1GQ99BXNWLF72,B000FPPZLE,2.0,1244332800
A1VXTQKSD3WQVH,B0012FE1SO,1.0,1295654400
A2Y7PLHKLKB55M,B00E5N8DGG,5.0,1380931200
AXRXWERVS0II2,B00AVTAJMY,4.0,1377820800
A1HDWJQL5UD1YI,B0002EKCRA,5.0,1393977600
AHGNRQFJSZ39W,B009O7CE5O,5.0,1370649600
A1KXLT5TA48VHV,B00275G6PY,1.0,1325203200
A3FEJ9DV44D3J4,B00F07YC4S,3.0,1389225600
ATBJCQCV2CLQ8,B000SKO0OY,4.0,1189987200
A3HPQVFQQLBLA7,B0010CGJQG,5.0,1402963200
A10C36B11U5OTV,B000SZVYLQ,3.0,1240358400
A2FPUQV39CN6EE,B00BL6JDUA,5.0,1401321600
A3JPIIOIE849VL,B0002GXF8Q,5.0,1384992000
A3PPJERG8VBNIW,B0028SGMR2,5.0,1281312000
A13AWHRTAMTE64,B002IJK0H4,5.0,1305590400
A16CZRQL23NOIW,B00008PW49,5.0,1139616000
A1KGCH50H9NB68,B0006NDF6C,4.0,1388448000
A1X6OT0MD4WU76,B00FKIYECC,2.0,1405900800
A13OCSOFW1CUYI,B000T4P29Q,5.0,1360713600
A3FMX1WS3BVXIB,B00BLVOQB6,5.0,1383004800
A5UOYKJN3CQJY,B0030US0M2,5.0,1365120000
A25Z3X3R65M15T,B007BXI2EU,2.0,1359072000
A3UGOKQE9JZICK,B008277N80,1.0,1392854400
A1C6WW81I7U2GK,B00E4V0AFG,5.0,1386374400
A2WK8R7V0L52B,B001QCXSQY,2.0,1389225600
AVNG1KH7YDC4K,B004Y409PE,5.0,1373068800
A2PXH9O134YMQ3,B000CADI52,5.0,1135209600
A1NNMN8XNH4264,B005TJUP7K,3.0,1322438400
AGK30SO1P023F,B00008G90O,5.0,1113264000
A109Z0AW4QI8PO,B00HIRARLA,4.0,1405728000
A2TN1E5EI3ME7Y,B001943W4C,5.0,1360368000
A3SACZG88JKB33,B005LLGWBO,5.0,1356998400
ATCVIEYJBBAHJ,B0002E4YH4,5.0,1197590400
A35VPBCBXQPA0K,B0010HS0PY,5.0,1384128000
A1VOH8FKXYV2IG,B007PUAKBM,5.0,1350345600
AKT2VSLZHDD81,B0006NDF8A,5.0,1326412800
A1YDB0WSX5G4C0,B003VWKPHC,5.0,1336176000
A3CHGO74OQN4Q8,B004HJ1V26,5.0,1358640000
A2ETVHHIQG4YXL,B0002EJNG6,2.0,1388448000
AJ86S1YULT7RG,B000ULAP4U,5.0,1389312000
A15YZNIFUNCEE,B00CLJVPLG,1.0,1374019200
A36TOEM0F4GG3M,B000EB68VK,5.0,1214265600
A175XXVMLQA98A,B000EELID0,5.0,1398384000
A3RAEY4Y2JQYIH,B002Q0WT4W,1.0,1258848000
A2LYEHWMKQ8OMW,B004UID8XE,5.0,1342310400
AH54JKG3UKULZ,B001MKKP48,5.0,1379980800
AL9GKG1R4B35Z,B000RVYMWE,5.0,1256601600
A1DESO6DS787LI,B000EEHJS8,3.0,1394150400
A2EH2CCW9IECKK,B000FDK8UE,4.0,1165968000
AACGK98N1V4CL,B0045EH50A,5.0,1308873600
A34WG5DCZS5MDE,B0007VO57G,1.0,1392249600
A2ST3LYBE2R2TK,B005DD8RUE,5.0,1329177600
A3W2FZZHO441OL,B0007GP6M4,5.0,1389312000
A2AL7OU30CI4T6,B000CCIVCA,5.0,1363046400
A19WYOEMM9CKQX,B00029MTMQ,3.0,1313798400
A14NCAVQWXMQKN,B001U88XJQ,5.0,1387497600
A3J51UH8S1LAA0,B0002CZSYY,4.0,1402531200
A1FROAH440YEJW,B004XNK7AI,5.0,1374969600
A39YQK32XTJ7MG,B001SC4I16,5.0,1378166400
A2Q5IYR2VUFZT4,B0085KBLIW,5.0,1365379200
AXWAE4MU043NW,B0002F6RTQ,5.0,1355616000
AUOHISTZIFLUY,B0073V9HCQ,5.0,1399161600
A3V2LM7U7J1MB3,B004NGYR5Q,5.0,1365552000
A85S0USHZP7PY,B00HZRXBUC,5.0,1398384000
A1VW19Y79DC0GF,B00166BQ1E,1.0,1287705600
ATTJA807PSUP,B000OY7UMS,5.0,1362873600
ADDK2YYEVB3YU,B002Q8V8DM,2.0,1315612800
A3COH1RFQRA1FX,B007WCJVH2,5.0,1373846400
A1DO9PLKFF7P1P,B0037G7AGG,5.0,1355788800
A1UW013BFJUTXJ,B00080MJ0G,3.0,1175299200
A14RYIBXCODRWG,B0002E55FO,5.0,1350086400
AI129P9OS8013,B0000012VN,5.0,1403740800
A3968V5F8JKMA3,B000BBGCJQ,4.0,1140220800
AVECDWICYUILD,B000NKFEE4,5.0,1229817600
A1MUN8LTWZWH45,B000EEL58I,4.0,1295568000
A2A9SQGFAM08OV,B0052TGZXU,5.0,1391990400
A2J60WHN2LV7M6,B00D69U1B0,4.0,1386028800
A1JE3W7Q1CEXCC,B000OQI2CI,5.0,1401494400
A1KGQ62P8SRBRH,B00383YC1O,5.0,1357257600
A1QD7Q58OJ2O2A,B004MQT7WK,4.0,1371081600
A2SD2TJPBN289N,B003EUCNLC,4.0,1354924800
A38T1EYDRYWTV7,B000A2HDXA,2.0,1370736000
A1459G5CNVK6KP,B0002D0KR8,5.0,1320364800
A2EQTNIV1ZYH4N,B001OQC6YW,5.0,1356220800
A1MZ0ZOG2SKN92,B0049B3G6Q,4.0,1336262400
A3EWKSEPYF7I10,B0007UAPQM,5.0,1288396800
A492LK506AL1G,B00CL8D83U,2.0,1384387200
A2ODDD7HKQT1IE,B00CG856SA,4.0,1374537600
A1MYXMFYTY0607,B003RCFCV0,5.0,1400630400
A34QBBC3Y075RL,B0007ACT9S,3.0,1374192000
A33R8TM26T2D3A,B004EPYQFC,1.0,1336608000
A2SZCJC4UDE9YB,B00BWLKTOS,5.0,1400630400
A1RX8WO47RDJ4G,B0007N5ZNW,4.0,1273536000
A1YURN75IZ1JX5,B003FRMRC4,5.0,1356220800
A1EAZ1D76TT6EK,B003VWJ2K8,1.0,1350518400
A62ZI9421AK24,B006I380PK,5.0,1363046400
A1THN0CPPGTNQQ,B00AYRJ6TA,1.0,1391644800
A38FOLV4KJPN3Q,B0002I8Y6W,5.0,1359158400
A36WET2V5EEN6U,B0006VWY9I,5.0,1393027200
AQAL5BDL0A2QT,B0038MTH8S,4.0,1284422400
A1I53B4YDWFH7L,B00B1YOENI,5.0,1381276800
A1MAK8Q6LPF2O2,B005N4N2BM,4.0,1348617600
A3BSEX151VSHPL,B000027VYB,5.0,1254009600
A29X7SB8UXOYKV,B000INA9F0,3.0,1200614400
A1GZR42LUG270D,B001B4EKNC,4.0,1278633600
A2V5H3KSZU7QIC,B0002E2XCW,5.0,1362960000
ABPP6J9PWJ25O,B000KYRGRQ,5.0,1352073600
A3RETE102PM95B,B0002CZR3G,3.0,1342224000
A2Y4KXTXDM8OX0,B0002D0CGW,5.0,1319673600
A1IXXF6T94RWFA,B0002F75FQ,5.0,1171584000
A2M3WOG8ZZAPHB,B00BCC1UAO,4.0,1369612800
A3D8QXT24MPXHL,B0002F5B9I,5.0,1308096000
AI8QZK2K1BIFL,B003S3S0DU,5.0,1319673600
A1Y5I3K69NLQCE,B003GEJ5SK,2.0,1368057600
A2Q1KVOZ5HM0AE,B000BF76HY,5.0,1367971200
AF1C7YKYPYT8T,B008RCO5VI,5.0,1391299200
A78T3WCPIAFJN,B001GNBLJO,1.0,1351900800
AX3NGMXOWKLT6,B000ULAP4U,4.0,1371168000
A2AQ36P4ADDIDP,B0002F6ZJS,4.0,1380240000
A3T2Y2OM2UTRP2,B001NFPGDC,5.0,1285200000
AHU4ADORK7E8D,B003VWZJEQ,5.0,1405555200
A28EO2IDTAZYUT,B0002GLDQM,2.0,1220745600
A2TSHD7SWDGS58,B000ZH6NJ0,5.0,1387843200
A2ERPLLHWOXGU4,B0028QYSB6,5.0,1356480000
ADPVZJT4CER08,B00854E7JI,1.0,1379808000
A1B2COC6OWTDQL,B000EEEYCW,5.0,1250553600
A38TMOYS8RWKR,B00AAZOD1M,4.0,1392422400
AADQJUXI30JBY,B0093IQJ32,2.0,1397692800
A1LM39M4E6QCGL,B001VOCL1K,4.0,1290729600
A3RWR50VUII07D,B000J4OY6S,3.0,1283817600
A4GP8Y7SM47ZJ,B009SNI17E,5.0,1363219200
A11N94GPXWY9BR,B004QJOZS4,4.0,1372204800
A3T4S8Z702KYZ0,B003FA1KS8,5.0,1354752000
A2XE6ZTUK0FEO9,B0002D0A82,5.0,1361318400
A1HOG04B3B3TTV,B004XUOKIG,5.0,1394841600
A2CPV8RZG6MP36,B002S53CN2,4.0,1364515200
A2Q8JHWY7IKPK9,B0013CG6RK,4.0,1274745600
A2WP49KOJIXYPV,B005SUU4AS,3.0,1362873600
A3DO9DC33COU90,B00F0RS7EE,4.0,1396742400
A3JT8QHKHRXIOD,B000E2D4SO,3.0,1335744000
A32KBUTDZXZBXS,B00BYISQTO,5.0,1370044800
ANLFHQYU6GATD,B003OURU4M,5.0,1308355200
ANHNGUO1MOWO9,B0002E1G5C,5.0,1397174400
A2UVVQYMBRCX77,B000CBTDQO,5.0,1374796800
A42FNTM7Q2FE0,B008FDSWJ0,3.0,1372550400
A2L2ELORRJKY1B,B005OSWDF8,5.0,1330473600
A14PAC82NDAL1D,B0002E37G8,5.0,1357430400
A2I38IB3WT83DM,B00DMOKUME,4.0,1398729600
A1NPG5H15YDZE7,B0002D0R1M,5.0,1312934400
A2ETHDHZTZGCF7,B000165DSM,3.0,1356825600
A2UJ0KWZSBPTKC,B000068O3D,1.0,1391990400
A233SJLZBAOZ5M,B0000AQRST,5.0,1304380800
A3UFX4TW7JTIBS,B00BQOHC3C,5.0,1403395200
A5LR4EHKXZJCA,B0002F6IV8,5.0,1363651200
A239DYUI77NSL9,B00GOIJCP6,5.0,1392940800
A5K9L4HAGM832,B000J36ETE,5.0,1394582400
A2ZTTRH81Y51WX,B004S8AU2I,5.0,1364256000
A3TD8YBHR07VG4,B004ISLGKI,4.0,1327622400
A1FIQ5GVFSB9WE,B0010COM92,4.0,1372204800
A337KI8CM5E7U2,B000EELFTW,5.0,1253577600
A3UKX1KX5JX2G9,B00A9M6SIM,5.0,1377129600
A24XQHR1AKPBZF,B0002DV7U2,5.0,1385510400
A2B6KDT94UIAKP,B00005QZH2,5.0,1394236800
A2RL5A04NK7V1E,B00005OR3X,5.0,1025654400
A10I394GJ01NEB,B00004W1YS,5.0,1343692800
A2HE6YEYUUGH5W,B0002D0CGC,5.0,1345680000
A1PJZ3TNW4PTB5,B005CX4GLE,4.0,1374019200
A2WB4OWBUH2VQX,B00BRKYZEY,5.0,1369094400
A3UAY3DK26G0DR,B002SANKO8,1.0,1388275200
A3DSAV0455ZHCI,B002WJHFY6,5.0,1367020800
A3RO3CGZ9MWA1I,B00079DRUO,4.0,1177286400
A3IH49EI3G0LQD,B003AYPT8G,5.0,1368144000
A1Q75942AV7QPX,6303111904,3.0,997142400
A8W1G0BMJW4OU,B0002D0CGM,5.0,1306972800
A1WOZE14GB2DQ,B000EY765E,5.0,1400025600
A27E9UEA5ZMTN5,B009MBT68U,5.0,1404432000
A39Y3MI4G0IQF,B003C1KLCG,5.0,1323907200
A1ZMAQ693IVNG3,B0002F7ME0,5.0,1374019200
A3QZQQ54Q14D3E,B0002M6R3U,1.0,1332288000
A17HM0PHP0LGP1,B00496UU3S,5.0,1372377600
A35I76N526C91D,B000GUR8V8,1.0,1359849600
A2QWIQOT6ETBB7,B0038O4UFQ,5.0,1310428800
A1I928I9VR57JO,B000GAN010,1.0,1318636800
A1OY2LBE1C59ZX,B005B9YYSE,5.0,1331769600
A1HZQ3UZSCFSUT,B0055DSTMS,5.0,1336780800
ARIOXY5KMNP3H,B004PFE9CQ,5.0,1392076800
A3GEZTHATYB7S0,B00BWLKTOS,5.0,1393545600
A2QU2PZJEU4BDH,B0002CZVXM,4.0,1297468800
AFOJZK14AS584,B004PWYNDY,3.0,1389052800
AF14QAUPRN1IU,B000068O3D,5.0,1372032000
A19J5FJFAC6MUX,B0002F58TG,4.0,1336089600
A2B0RSW5VDCEL4,B0002H0M7W,5.0,1394841600
A211JE4R8K4YLA,B005CX4GLE,5.0,1382054400
AG0BEE4DRHGVI,B000ULAP4U,5.0,1379808000
A1VW19Y79DC0GF,B0015RIN6U,5.0,1299369600
A3BSM3E3W8EBKO,B009COZT92,1.0,1388016000
A24SQJ8S2JVF89,B0010X54MA,4.0,1321920000
A2OGO0TQQYPGSB,B0064RTSUQ,5.0,1369526400
A3BRXH4HL95N4Y,B00164F5J0,5.0,1399334400
A3S4AAAXOYHUPE,B002C741BI,4.0,1365984000
A1Z6IOK06DJM31,B0002F7J2A,5.0,1267142400
A3PZV742QLYG5I,B00I8RSQBW,4.0,1405900800
A3E7XLTH2PCRR3,B004V07LKC,4.0,1360022400
AKW0DF4JW1YXL,B007IE5QP0,5.0,1393891200
A3CXRH4V3YZILG,B001U14MO8,5.0,1342396800
A3RVYWMNA8DXI9,B003VWKPHC,5.0,1400284800
A2DDNIOXPTCJ4H,B00HV7UOM4,4.0,1401840000
A2KFKEME4A9ATW,B0009RLE5Y,5.0,1403654400
A309EMZ53YRHTA,B001BM7TY6,4.0,1252454400
A1SKXHDOLC60ER,B002024UDE,5.0,1399939200
A224N62MZBQL8N,B000SKO0OY,5.0,1192579200
ASM5V10NUY1IA,B0002GL50Q,1.0,1378857600
A2QSFS2ADSTY3Q,B000OR2QX8,5.0,1329004800
A3BU1NAZ1EFUVF,B001SN7QZK,5.0,1279238400
A3NQR3QGEP8FZM,B000EEMA8M,4.0,1398816000
ABE9RKD02HNNT,B00004XQ83,4.0,1195084800
A128RJDCAJAT2Y,B002VA464S,4.0,1391558400
A5A6WMTH4SF9D,B009J2VMXY,5.0,1369958400
ALI5GU0UGC4ML,B005FGQLDO,5.0,1404432000
A94ZATUZAQ94S,B0052E5RNE,5.0,1361491200
A3ARS8RLSRSQCO,B005L2TZ7G,5.0,1370044800
A34GMIE50X5CH4,B002IPHFXU,4.0,1301443200
AIYH5XNOEYMCN,B007IE5QP0,4.0,1355443200
A2K8G2DNHPYGQ9,B000GATTM4,3.0,1319673600
API7GZYJ9QGW3,B00154OJOI,1.0,1371945600
A2VRT8SOLGR2M0,B0002H0MC2,5.0,1357862400
A2WS0KH8G3CIGU,B0045TGE52,5.0,1358380800
A14KXZTLJ5W3X8,B005J9FS0Y,3.0,1345593600
A2ZK70EFW6SJI6,B0000008LR,1.0,1266105600
A113WS2UCSITWQ,B0002F7IN0,4.0,1374710400
AK4UD9J5QCMRH,B00008VGND,4.0,1156032000
A1UF7VX6WK4IAX,B000Z33HM0,5.0,1253491200
A1QIWWX0DM491M,B00122M2EM,1.0,1214438400
A2UW2JKTK4YD19,B00359FQHA,1.0,1370390400
A1QKVHZO80TJIZ,B00EA1AQO0,5.0,1375488000
A1X922ZJIIYYNW,B001R76D42,5.0,1374883200
ADOOHIQ5EEFD0,B002AEQSUA,5.0,1400457600
A2GT0MCMRKLKDW,B00242VOXO,5.0,1305849600
A2KRB7WX393OO6,B008RDB934,3.0,1389225600
AK54048X6S7LW,B0040FJ27S,5.0,1332633600
ABYXR44U9KTR7,B000I5YVTI,5.0,1393977600
A1X1AIHSI5GJHG,B00097CJ76,5.0,1327017600
A3KUTNZKYLVP4Q,B0002MSCC4,5.0,1394668800
AU04GRR1IV1KW,B003B0I09Y,5.0,1322611200
AECM6QFQC1H3Y,B00GSAS1Y8,1.0,1401926400
A17DGV1HZ8WE2U,B001UJIYIK,5.0,1405468800
A4MN1YE5MMSBX,B002ZY9H62,4.0,1396051200
A1U2UDT6K5K5EE,B0046IQ43O,5.0,1361577600
ACZB9J1WSU8RX,B0006NL5SM,5.0,1353715200
A1R3WCK6DG24OU,B00ASHUI8O,2.0,1371945600
A1TBX2MAVEQEL3,B003405MDI,5.0,1266883200
A2F0M3XKXNK4BT,B006DIA77E,5.0,1398211200
A3PFT9KHQJ6WK,B0001FTVD6,5.0,1364256000
A217S0PZSUE78B,B000972FWK,4.0,1385683200
A189WWBKLIRG0V,B0002E1O2C,5.0,1368489600
A3DGGUCL3NWAVN,B006DIA77E,4.0,1364947200
AT4DOH27IAEGH,B00GS8GM0K,5.0,1389830400
A3O5NY2ZPM7UWC,B0002F4Y8W,5.0,1353801600
A20KBMRR5OOH71,B004TJ4Y78,5.0,1390089600
A5M01LMEYVPU2,B00265SCIY,4.0,1245196800
AYQZ4KT1IYSQE,B003VWJ2K8,5.0,1392595200
A37QK7NQ5EH6DH,B007JRNE32,5.0,1394150400
A1W5SUPI4XOOJR,B008IWQ9VQ,5.0,1392163200
A2C7BOQVFH1HLE,B000XPSIVA,5.0,1351209600
A365VRCH0A5KHN,B000YFG0A0,5.0,1373068800
A1QF4KE88J8BOG,B003AJYLJY,5.0,1400803200
A2J0OFN26O1GGZ,B000XZWUZA,5.0,1332720000
A2W0ZAJ14MPZ3E,B002X49732,5.0,1293235200
AQ9T9A5WJXVA9,B000IOM21S,5.0,1257897600
A32PKFGAAV7JM,B003LRI7YU,5.0,1322352000
AHZE2L8N7TH3J,B00CSRO6VM,5.0,1404518400
A308CZ5WSR62IS,B000N4UD7S,4.0,1377475200
A1MZSDP65O6K7C,B003FZD3QK,5.0,1356566400
A87C2XLXVVS0S,B0006MQSR6,5.0,1365638400
A348IUD5FS9E66,B007VGGIXY,5.0,1367798400
A2DDDZFTVG799P,B002BSH9Z8,2.0,1312156800
A3MDQTWO6NOV1U,B0002CZUUG,5.0,1380931200
A1NJMJNF0MOBSL,B000EEJF4O,5.0,1374192000
A39VFZ8KQD9KZV,B000772HNE,5.0,1238025600
AEHDGUE3L90ZS,B009L7ZD46,5.0,1382400000
A3M19JT1CNPFYR,B000VVP7IS,5.0,1285286400
AMXBT1IMJJ2MF,B0018SY8CE,2.0,1384992000
A1M23590C0V803,B00E3XRMSI,3.0,1392854400
A1L2QOITPA5JG6,B0002U8E9W,4.0,1365724800
AXY8IFXPW4NYA,B000U3TY0O,4.0,1260144000
A1BZIM4WGZ6DZP,B001ENZ3F4,5.0,1261785600
A18OEHSG488KNZ,B0002YLDZA,4.0,1169424000
A2NPRSZP1132CK,B004Z17008,5.0,1354579200
A1V6LLVORFVKJ,B000AL47OO,5.0,1287187200
A1QXHZ03HRXB3U,B00000JHC5,5.0,1258761600
A1JNRY1IA28TYC,B0002D0PWS,5.0,1314921600
A29GLG5K2NWN5Y,B0046IRJ4W,5.0,1397520000
A38Y2XE81XPTF,B0002E528E,5.0,1375660800
A38AWS11G3HESG,B000KIHCB2,5.0,1386720000
AWM40B732Z3DJ,B0002Z2D0I,3.0,1404172800
A3GEEOZMVKCVPW,B0002E1MO2,3.0,1369008000
A1VZMO78KN1OW6,B007UIX16A,3.0,1360800000
A2MMD3TOW20ZOT,B002PF4YKU,4.0,1380672000
A2FAF1J19NO0ID,B003MQN8TE,5.0,1328400000
A1DADLMZ2XYXLJ,B0021AERD8,5.0,1392076800
A1U9SS0ETLN32K,B00INXSJ22,3.0,1402531200
ABU1QBLNWICD0,B00474B0P4,2.0,1359072000
A11ZVBC0R1Q3OH,B003AYIP4Q,4.0,1373500800
A1PXYT8O4PZ22P,B000025U5X,4.0,1247875200
A2K9BFTOCRNJR3,B0002I9PH4,5.0,1139875200
A1EN0ZOCU2V634,B0051N3R1U,5.0,1334534400
A18X6ZT4AEYVKB,B002NG7DEK,5.0,1358380800
A2MCTV4GYEHLJD,B0065CCIFM,4.0,1388102400
A1QV68HSUNCHYC,B003DVGVIS,4.0,1365465600
A25G91WJZDNYYA,B0064RW8NA,4.0,1368748800
AOUOZO5S4GWX9,B003Z8WHDC,4.0,1294790400
A2YHA9DYCNB6AQ,B001SN7R40,5.0,1358035200
A2SOJIN24WUZ99,B001RMFSDE,5.0,1334361600
A3VYP5RZ1Q466D,B00006I5SD,5.0,1285804800
A2EP0E80IHIABH,B004MF39YS,2.0,1382832000
A16B4DY2GVA8LN,B0071V3D1O,4.0,1361491200
AQ3Q6S3R8K2QY,B000V7HFLE,4.0,1251331200
A11PWPHCBO5GH3,B000N5YEDG,5.0,1289347200
A2EVB35WT9Q0CT,B000ULAP4U,5.0,1390694400
A234VZNKHVTJZY,B006K3XGVQ,1.0,1353110400
A2OVK8BNDNWML0,B0086SCW7W,5.0,1400112000
A3CGJGUNQKKLQL,B0018TIAL8,2.0,1285804800
A1OAA2AALXIMJV,B0037LLG2A,1.0,1284163200
AC8ZY7GN0QHAK,B002024UDE,5.0,1396742400
A1U4M7C71AOGOB,B003NFZ4CI,5.0,1351728000
A3T6Y1D7HBUIUM,B00FPPQYXM,2.0,1395964800
A1PHQBQBX289MP,B00I3TWZ9Y,5.0,1398643200
AIE2QL25XCFQ5,B005DKPY4E,5.0,1353456000
AWVZ6E2AD0XZ4,B000ULQTE0,5.0,1404345600
A24XVHYE1OJ09V,B00CAGEIIW,5.0,1400630400
A33R5X4R1GSRC8,B0055V7UR0,3.0,1396051200
AYPSZ2MZZBQS0,B000BYMIQO,5.0,1178755200
A1KPZECO4YR22R,B00AG4N8A4,3.0,1405900800
A3UWRQUB45096J,B0031SUP26,5.0,1292889600
A3B8437BVVU418,B008XEYT48,5.0,1389744000
AGY7P7XGQUXFT,B005SUUHGE,1.0,1359763200
A1KD7KIL9PH5OV,B0002F5DGE,5.0,1362528000
AY3KIW9D2XNFX,B0002F6Y1C,4.0,1307404800
A2FD3DVBAXRPCH,B006G3K93I,5.0,1393804800
A2QKGKEZT0FIED,B000HKZ98G,1.0,1405123200
A2LOFIQ3XPQM05,B00004XQ83,4.0,1019001600
A3MR5SQBCCJ51G,B001EZNVG0,4.0,1331683200
A3TD56M2PNATX,B003U3LUOY,5.0,1362009600
AM9EL9YBP070A,B0018A21QC,1.0,1284595200
A2Y8DLHO0UOE14,B006NA0772,5.0,1391126400
AZOUNSQQR089V,B0049QHY1Y,1.0,1395360000
A2FPQ3FOM0S1LI,B001LJUVO4,3.0,1384992000
A33VR6RXOREFZ3,B007PDRQ3Y,5.0,1382486400
A1WVRX5XAO8KW4,B001NMT730,1.0,1293580800
A3SPU7LMG7MEPL,B004BZU4OW,5.0,1329696000
AE1ML5LA0CJ4S,B0072HTWL2,5.0,1358553600
A1CXJ2KAP2499C,B00005YTFN,5.0,1153440000
A3QYH7MRL904UC,B005OZS2KG,5.0,1364860800
A3TXW27LT22Q1O,B007S68GP0,2.0,1380931200
A2T6O9LRFP2POU,B0010KGD4Q,5.0,1374105600
A2PAD826IH1HFE,B0002IS01G,4.0,1157587200
A2YHTSNRFZ27ZV,B000GASJF2,5.0,1391299200
A1A8P719EL3VN5,B00134T67K,5.0,1376524800
A1BHXHUNOFM6DB,B00508JFKI,1.0,1380931200
A1NSUUX94V89EG,B0002F73T4,5.0,1379635200
A2F67I5Y485WHF,B0002CZQZU,4.0,1387756800
A27Y5RYK9UOSYH,B002Z84RF4,5.0,1360281600
A3U0D0P3O28YZ9,B002Q0WSWA,5.0,1295481600
A3GJ25QG91UI9Y,B0002GYYCW,5.0,1299369600
A35YBZ704X7HZ4,B0010VQ7WS,2.0,1271980800
A11B4ZJP6VAU14,B001XJEKGC,5.0,1347494400
A34KQDLMIM3Z2N,B002M8GBDI,5.0,1356048000
AWTQRJ9YF9YUT,B001JHZYL8,1.0,1360713600
A2QLSPXK369THL,B0093XUEKG,2.0,1397865600
A2BFYGCKA4WVR3,B000Z8U0IY,4.0,1329177600
A3DBKYPP9SGGYU,B007OLR20O,5.0,1358294400
A2G6WY8QM9DBYN,B0002I9QHS,5.0,1393804800
A3HEV9M5RNFB3V,B003BGO2OK,5.0,1345680000
A1P4ZVLYLUARCT,B001CKXT14,3.0,1400284800
A2DMY4X8DT2IAJ,B007XV9EO2,5.0,1383436800
ADFEOHY4G7YS5,B004M8YOMQ,5.0,1399248000
A3TBJZTIER0PZO,B003A6YK5C,5.0,1387670400
A3JRZ98V0T8HLX,B00004SH57,5.0,972000000
A2R084MJ8KSA0P,B000ULAP4U,5.0,1388448000
A1HHY7EFRT2KGQ,B00005KBQM,5.0,1079740800
A2RZBFBKGK7OYZ,B00EA1CDVY,5.0,1383609600
A8APJHKMVRZLU,B0002F59UE,5.0,1241222400
AQ9T9A5WJXVA9,B00549I3MY,4.0,1390435200
A37F74L4KCNBK1,B0049T1NVS,5.0,1363651200
A2C7KIUAW8G4FU,B004ZKIHVU,2.0,1390694400
A31PGHZTNVD1FD,B000P5JUJM,5.0,1271030400
A2OYOZDH3DQN09,B0002CZZG0,5.0,1267747200
A1R1ZW42JDETTK,B0011BHPDW,5.0,1342656000
AVLLVX215AEMK,B00F8NBZAS,5.0,1380153600
A2GYX971VETQBV,B008BPI2HE,5.0,1359072000
A16CZRQL23NOIW,B000HKDB5E,5.0,1293408000
A36S0G067X24IA,B004HJ1TTQ,5.0,1358899200
A3LTP6ZGXUFZE0,B000EE8YPK,5.0,1345593600
A3IQZ1SLLDIFOP,B000VZYS66,4.0,1372118400
AMGUFC9XZWPTN,B003D2O16G,4.0,1309651200
A7L3CB8BPC65H,B0036B8A2K,4.0,1389225600
A31PBSKODJR4WA,B008E8XBZG,3.0,1358985600
A2QQVD63BADOZK,B00A0OR7VG,5.0,1393372800
A3QMP44GAXYPMB,B002P3KINE,5.0,1296000000
A3RAVFHB2VFF4L,B005ETZN72,5.0,1394496000
AJEA6BL7GF7UT,B000B6FBA2,3.0,1392595200
A2QKXJ3IEVXFAN,B001AQ0GPM,2.0,1357344000
A2FWE7KYXBWF2,B002JTBKN6,4.0,1404691200
A2H632CD1MZQ01,B0002E3GBY,5.0,1263772800
A2S6DTVFHKMIUR,B0002E1O5E,5.0,1401580800
AXHNF6IGI01W9,B00245EVUE,1.0,1308355200
A3RW42FT2Y2SYU,B0002D0L40,2.0,1386806400
A28W04MPPFEJ02,B004OAKIX6,5.0,1369785600
AMCAZ4RTTD2V2,B0002VYE18,5.0,1154390400
A30UNZLEUOIMNY,B009E3EWPI,5.0,1367280000
A4YXKE5F62II8,B000H0MKKG,4.0,1359072000
A34QIHBUTVN8QB,B000UJEGT2,3.0,1388707200
A2CSGT31RIOQQO,B009EDRLR4,5.0,1358553600
A1ITEV1Y1U2KFJ,B000FIR1NG,5.0,1173830400
A3BUNHF07TGZS3,B000EEJ72E,5.0,1326412800
A311HL69B7H1QM,B001G7H8GA,5.0,1403481600
A3KCMH49L6KTHM,B006O51CRU,5.0,1342310400
A1BAV9WM1KW68N,B00029MTMQ,3.0,1357171200
A2KIU8KZIIDD4A,B0071MC8RI,2.0,1350864000
AEXP58QPR1DUS,B006GQWDM0,5.0,1343952000
A3VVJQS1I0MQR1,B000ULAP4U,5.0,1364860800
AFNXPJBKTHVRB,B0037M62M8,5.0,1390435200
A1TTGG8IHBXMIG,B0002D0N7A,5.0,1348531200
A2C10CA1LMBW2C,B00006J64V,5.0,1295827200
A3GPPHSBN9WWH4,B000RKL8R2,4.0,1366070400
A1ISEBB8LGTUGH,B004BZU4OW,5.0,1370822400
A3JV39XNJ373F4,B00BG4TXAC,5.0,1403654400
A2PAD826IH1HFE,B000KRNHUS,4.0,1179878400
A3KT39F0GWKDL7,B0006ZHMXM,1.0,1181260800
A13PKHFBFHWQ1G,B001E95KG0,4.0,1335484800
A1HIV16UFG6JTZ,B0002E3FCO,5.0,1337126400
A3BXEPJBIGR41T,B001OI2Z28,4.0,1299974400
A14VIUKBGZSG82,B001T9O60Q,5.0,1353974400
A2CGPAGXNB5LEP,B00ERH154M,5.0,1388620800
A2YBCWU18O3NJ9,B002026DLG,5.0,1401580800
A2NOQS28N9J11M,B00CFFB0DO,5.0,1388880000
A2158NV89I72OP,B0002E1O2W,4.0,1402272000
A3M02J28R6I620,B0002E37I6,5.0,1398988800
A3PXMIXRN9WFWN,B0002H0A3S,5.0,1389312000
A3AR15VJZDNC6U,B0009GZHM6,3.0,1398902400
A2FC2S3PHXDJBC,B000VSKPZG,5.0,1386288000
A1746NHDF3PF3H,B0000A0LAK,5.0,1295913600
A2TMNRNUOQ9AX3,B007Q27BH0,5.0,1364860800
ACCHBUUMJ2LMC,B001KL10A2,5.0,1384819200
A1XCH4DBMJ7U5E,B007MCRSEU,5.0,1389052800
A35L5B0Y47N5JD,B000JRPYGE,5.0,1402185600
A2P7DM1Y9W75BK,B007ATBVY8,5.0,1359849600
A13A81NN0NRD1S,B0009G36FQ,3.0,1261094400
AGCLQ3ORK4WF1,B004N7L0LY,2.0,1395964800
A313Q30KXTEYGL,B0002GWFEQ,5.0,1354147200
A3SJU1AGUIIH91,B0040FJ27S,5.0,1358121600
A26EM0FX6I4K1A,B007IXCZC8,5.0,1372636800
A39TTL1LZAVNC0,B00261FXGM,2.0,1384041600
AA8VOGCC7TNM,B0002F519I,5.0,1396483200
AYGNOE2VKNT3T,B00GG429KS,5.0,1389052800
A3RRMC48AA366W,B0002F78S0,5.0,1286323200
AW3YQHF0U3T23,B0019R8U7I,4.0,1355011200
AHX8XKJY3F2SR,B00C5B20QE,5.0,1404864000
A1YFOWMKOGKRHD,B000H2BCQ2,5.0,1402185600
A3N4BC6SKK4WG1,B001O8I2K2,5.0,1355270400
AMBE6V5FKR0HX,B007SQV3AK,5.0,1404259200
A12P4A1OC41KUO,B0009G1E0K,5.0,1377993600
A22XCBX4N3GRIO,B0002D0C12,5.0,1396828800
AMVO4CRMQIYA2,B0009G1E0K,5.0,1391385600
A2G8FA91DLLUO7,B00EYUIQUI,3.0,1390089600
A1HF2BNBX2N843,B0037GXRHM,5.0,1374364800
A3A717ABM6TUWJ,B008MA3KQG,5.0,1387497600
A3GXFGI3B6Y3BU,B003JJQMD8,5.0,1389052800
A2NYK9KWFMJV4Y,B000BZIYPC,5.0,1386547200
A5BMX3TXL6CVQ,B004ZKY0ZW,5.0,1325116800
A2D9JBCYNAL56W,B001E36H8Q,3.0,1388102400
A2IVZ77U9FOYRD,B004J27QXY,5.0,1323820800
ATKPQE9PPWIIJ,B00004XQ83,5.0,1348617600
A3NGYVXVFZCIY3,B003B0I09Y,5.0,1359849600
AS02C65TF9R1K,B0073XCXHA,5.0,1354320000
A1SOCJQ154XWD5,B0084AB6ZG,5.0,1392336000
ABHU61XWRCG6E,B0042X8XP0,2.0,1347580800
AU80GSC65YW1M,B003GEBGA0,5.0,1379980800
A3IOVKX1EZLKH1,B002Z9JWZ8,4.0,1402358400
ASU43EFBR3YUK,B000FVDYUW,5.0,1242864000
A1DEM92LIF6XMY,B000FUJ7KE,2.0,1367712000
A3B0JIX6Y48H6D,B00009W40D,2.0,1357862400
A13QWA954TYDC6,B00178IXYY,5.0,1361491200
A3NR664OBOEONQ,B000BUBF6M,1.0,1314403200
AFMYTZDLX3RTW,B0002E2BA6,4.0,1345075200
A1HLB44GMRK37J,B0002ZPLE8,4.0,1372032000
A1MXPIC5YRU2PT,B001UR0TVM,5.0,1306108800
A2ZUS2CJX4EO8P,B003GR0X6A,5.0,1342656000
A1GU31M16BQ778,B0018TIADQ,5.0,1396137600
A3ORW50KXSDH4T,B000P4S5OE,5.0,1349481600
A1786LAQ18LHDC,B0002E1O2C,5.0,1356912000
A2QPOFABSMGL8,B002AEQSUA,4.0,1401494400
A1UD6V6EMCFO2T,B00DJ5UJ5E,5.0,1400803200
AA45NFO912TP4,B003B0LWZS,5.0,1298937600
A3TBK1X5FAQV9I,B001I83KQO,3.0,1358467200
AXBR8E9265GG2,B002VA464S,5.0,1361923200
A1EC6CSK3RB97W,B0002ZO3O2,5.0,1300579200
A4Q8I5AFLWND4,B004ZKIHVU,5.0,1381190400
A1DP5SUNXHYW7V,B0006MQ12I,5.0,1384473600
A2TYIQQY82YL3I,B007LB8CLA,5.0,1374364800
A26JHKA8SNXV6P,B003JJQMD8,4.0,1385942400
A1MBIGJ86PPIMQ,B004TJFJCW,2.0,1309824000
A3FBLQWUQHY3HM,B000SAC5PA,4.0,1316131200
ADVA88NC8HPEI,B0041OT5L6,4.0,1354665600
A2NJYXG1PG4P7I,B003KVKSYY,5.0,1291248000
A1JUKS0DSO2XZG,B003XWFLLK,5.0,1366675200
A33QD6H5PQWCAO,B005FKF1PY,2.0,1389744000
A1X8OA8HHMEV17,B002QWDX8G,5.0,1334966400
AOMEH9W6LHC4S,B001NZA04M,5.0,1251072000
A1RBPH1DEW1FGH,B000078JQ0,4.0,1368316800
A3DGWKQFZ11K9P,B000A6GTDG,4.0,1369526400
A3BY6FV02PB77J,B006DIA77E,4.0,1404000000
A3RPRPV8OELZC7,B0007WPCKE,5.0,1390694400
A2DLVXFR771U5J,B0002GL4O8,4.0,1357430400
A2SCIQN3OOHWN5,B008BVAU78,5.0,1360281600
A37QDANQQXPE4S,B00DR962C6,2.0,1387929600
ASM358IBOYT8W,B00423JSXQ,4.0,1395705600
A21PUGMS9JL3MH,B004XNK7AI,5.0,1389312000
A1YB77A3PMF1L5,B000KVRQ60,5.0,1293580800
A2TXKCS4PZGAGZ,B0049J4O0K,4.0,1392768000
ACW6JGQNXORRN,B00374688O,5.0,1377043200
A31MAKDCY17ACH,B000A2HDXA,5.0,1225584000
A3T1GNZRY0VIZH,B0002FOBJY,4.0,1399334400
A3HKZSCGFU9T2A,B0002GYW4C,4.0,1361923200
ACQF8EUEPMCWC,B005N4N2GW,4.0,1362009600
A2SZD1E4E942C8,B003LRY1UE,5.0,1395619200
A2N6D5BOBEXD1R,B00029HDT0,5.0,1391817600
A1WRN8BSDE71MW,B004T4K50S,5.0,1361318400
A16LCOV2DJ96KP,B00B1MSID2,5.0,1367712000
A3DQVBEJCXQ3JD,B00IOSJ68C,5.0,1397088000
A7UPJYPAH73NC,B000BWI79I,5.0,1169164800
A2QH3COIVDBVO3,B00E1RTEJ6,5.0,1399766400
A1W73PYE40UIFP,B0046MVVPG,5.0,1351209600
A2GV5K0E9SSWD5,B0002ZO3JM,5.0,1364947200
AL1WBEKIEPUPE,B003IP2YC6,5.0,1279584000
A1CDJJQW8LGH4I,B001O9CQYO,5.0,1359936000
A3KIYYOCEZ0T4I,B001T9NUNU,4.0,1306454400
ACYQFVWUUG8Z4,B005CX4GLE,5.0,1392681600
A1KQWXHGMVHE69,B0002E4Z8M,5.0,1394236800
A2RIQIP2BEUEIR,B0002GFQ1K,4.0,1357516800
A2M0ZXCBM03FNA,B002RVZV9K,5.0,1361232000
A2IYNA4M03Q670,B00194RSLK,4.0,1329177600
A2ABF7LTX51Z2G,B002024UDE,2.0,1389139200
ANSO15XNMZ2VT,B005FM6ARA,2.0,1356739200
A1MFBS0255Y72P,B0002H0A3S,5.0,1330128000
A1E4OQKFOQFZR5,B0002F7A1A,3.0,1328140800
A6M441DQ7HL09,B009QU3MKK,3.0,1385683200
A22MWWF197P5LX,B000RLGRDG,1.0,1253059200
A23DUQ1OTV4DOW,B001XJBWXG,5.0,1358899200
A1QGKZZDNXUFZT,B0002E3GEQ,5.0,1390003200
A2ECUSUSWSWY8Z,B00BPM7INO,5.0,1384560000
A17ULASRPGG26V,B001EN3S3S,5.0,1272240000
AFZMO4W50MO0Y,B0007Y60HG,5.0,1386547200
A2JZR6PX9MZE8W,B0002Z2D08,5.0,1337558400
A1QQH9LCIELKT5,B000ZMVAXO,4.0,1379980800
A3FPGH8RK9WR36,B001M7NKM0,4.0,1352332800
AHUVEGMT3XOK3,B00CU8OVIM,5.0,1378339200
AZLLQ3HC0E9CW,B000GAOZVE,5.0,1364428800
A1Y2F303VE8JA7,B00HQ01BSW,3.0,1396915200
A35WLTAR6HMJO2,B00BFZBMDS,5.0,1391385600
AO21GGQDEOIW,B001PGXIZW,4.0,1364860800
A2S6AK78AJVDAE,B000WEQVDY,1.0,1209168000
A2N5DVOYM3FFUP,B001PKNISU,5.0,1386979200
A1S3ED14DTRZEM,B004L6AL8U,5.0,1366934400
AKBEIMYAKBP9E,B003LTJ404,1.0,1358812800
A3FHVG8P5ZHBN6,B0014N5TB2,1.0,1398384000
A3LQCINRBN4C29,B000E0PPG0,5.0,1306368000
AQX5LS1DIYPZO,B000GKZ1IU,4.0,1378252800
A55VQ7LEZ7U3Q,B004YHTNV2,3.0,1318377600
A2T33AEGENN6TS,B0046BU03Q,5.0,1371427200
A23A1PWEVT6Q71,B001L8PKD2,4.0,1356048000
AKQCKJN0KO24S,B00622ST8A,4.0,1371859200
AA3W8J2Q88D1Y,B003JV9G7A,3.0,1394150400
A1OOHP4KZATCTO,B004443DZ2,5.0,1345766400
A2UIAW0X0S94HL,B006GXZHBW,3.0,1361750400
A2ITF9EKE4AUUX,B003P4G250,4.0,1359158400
A1NZVMVVPWU2A8,B0002TJO92,5.0,1359331200
A2HF4RY9N1ESJ1,B004XNK7AI,5.0,1379289600
A1MAEQ8WNKBROM,B0000008FF,4.0,1357516800
A37Q3E3O49FUQA,B0018TIADQ,5.0,1314144000
A18B0T2O25SFT9,B00721DCO6,5.0,1399593600
AG8CEYTKAQ6W8,B003HZPC0S,5.0,1361232000
A3FFNBV4XF4VM8,B0028RGAH0,5.0,1380240000
A35Z6A2J7CFW2,B0040JHMH6,2.0,1348099200
A1YOLMONF9LIVJ,B00389KMQM,5.0,1379980800
A3HTZYCJRMK1C9,B0002E2KPC,5.0,1300752000
AGAFX7S45NBB3,B00646MZHK,5.0,1393200000
A24LT8DYSHBX1B,B000WKT0ZO,5.0,1326153600
A3BZNJ8DGKIJPD,B0002ZO6TY,5.0,1299628800
A2BXL5YVJDANBX,B00005UVPB,5.0,1149206400
AXWOJUQ1BR1CG,B001AYONXU,5.0,1322524800
A229WYI84ZBYRM,1417030321,5.0,1148860800
AEUXEOIIV3GO9,B0014VCFWU,5.0,1300406400
A1IR0XN3ZT6W4Y,B0006OHVMK,5.0,1369094400
A1HQN6CNAO683Y,B003AP94WC,5.0,1400284800
A1TAWFQRYQNUR1,B009GB2BC4,5.0,1364947200
A4PU3NGBVXMR6,B003ELQ254,4.0,1376956800
ANQBLZH21MNKL,B007C8JPFE,4.0,1353715200
A2M41YMPZYR7MY,B001338GI6,1.0,1288310400
A1TWQMEWUZ3N61,B0002D0CEO,5.0,1322006400
A1Z7LN7FSCL5NX,1417030321,5.0,1144368000
A19BNDJ4WKE3PK,B001DBLGEY,4.0,1238025600
A1EBVEXLLXVCMS,B0056J1GLW,2.0,1314921600
A3O0ZV1MFEQY7,B006Z8LEQK,4.0,1358208000
ATOLVCTM3S0SN,B00BANSZQW,5.0,1387843200
A15YRUW2ZAAUDK,B000XI6O2W,5.0,1372896000
A107TW8HAZBA7T,B0002D0CLC,5.0,1361836800
A2I1YOEF0HHWZU,B000CPMNEY,2.0,1210204800
A1XVHWY9S8QXZK,B000071WGH,3.0,1164499200
A3PVLKAS7XHJ13,B0002CZSJY,3.0,1235001600
A2ABDOQLGIDMNZ,B00A95J2XM,5.0,1388448000
A1AMMZFRKWG39T,B000B8QF14,4.0,1133481600
A2VCWXU3GZQ0KS,B00FCAK02Q,5.0,1389225600
AHODL7RQY648E,B007IE5QP0,4.0,1348185600
A2EZWZ8MBEDOLN,B0002KZEAE,4.0,1350259200
A2L7WYA5OENV03,B005HF8O1A,2.0,1323043200
A3IAFWBEDRFU4L,B004HJ3K2U,5.0,1364860800
AN2DF790LQF1H,B00GYPL8HO,3.0,1393977600
A3I8ZPIH23BI3T,B003GEF0YS,2.0,1394496000
A18XL4BRMMNI5G,B002Y1V4U8,5.0,1356220800
A3OD4KF46MYJ93,B0002H0SX0,3.0,1382659200
A200PUJTIK81VA,B0023CVTNA,5.0,1325808000
A1C28Z13TXYMFQ,B000CA7SIA,5.0,1265932800
A21F2UM7ONTS4G,B0007Y5OLE,2.0,1357084800
A32B6XWNR55SRL,B00G7QQ0RS,4.0,1387065600
A2X0TVWBSBKWKS,B0083FTVB8,5.0,1379894400
A12DYU0JINMRLW,B0002F79ES,5.0,1124668800
A37KPTFRDAUFGW,B001EFGS7Y,2.0,1399420800
A3LYPHBD1PIWVY,B006660TWQ,4.0,1385596800
A2VCP0XSV32SYN,B0037WGVTC,4.0,1342310400
A3RLUUK1OLJ9F6,B002ISDD1K,5.0,1250380800
A2RLQZYZAWAC17,B005IVUWDG,5.0,1352073600
A2V73N9MOGOKFP,B0017O2IIU,4.0,1377734400
A3154NQ2FZNUJ1,B0002KZQ34,5.0,1329955200
A3B5VGRVELQ853,B000ULAP4U,5.0,1357948800
A36FV3W2Z9ZAEJ,B0002M71WG,4.0,1339027200
ARXDKNEPBMJMF,B0002KX4S8,4.0,1326067200
A1DNXI58T8G794,B0002DV7U2,4.0,1388275200
AZAYBFPLEDFL7,B00328HVA4,3.0,1289520000
A14YTLEK0ZHQMH,B003GUE1OW,5.0,1392681600
A32EWREVNX20JK,B004N008EG,4.0,1354665600
A1X73QJ7D1W57Q,B0002234XG,5.0,1187913600
A15KPUQQ0EN41R,B001IHICIG,2.0,1358812800
A3LYANB1TOTCQO,B000VVW9JI,5.0,1269734400
A14TQRQUELU6QW,B000001ZKK,5.0,1403740800
ALW5O0ACMENR9,B001AMGZ88,1.0,1231027200
AW6L1XCG98Y0L,B0068OPA7A,4.0,1399334400
A2NHCQKY8DZQUU,B003B0I09Y,4.0,1325635200
A340EP2V92ZJN4,B0002F778G,5.0,1387411200
A1HXM4D6ZAKLCX,B0002TKK4A,5.0,1370304000
A1WJMU9LM4RE6L,B004443DZ2,5.0,1396224000
A3MUO33T3LFLWP,B000OY7UMS,5.0,1363219200
A3K3W8782V3SXG,B0002E3DG2,4.0,1335052800
A1MB2NOT2QPZI3,B000SMQT96,2.0,1293494400
A10O0R7O518XAX,B0051M6JJI,5.0,1339459200
A3FZA3O7RFLS71,B001FSJC5K,5.0,1300665600
A28CS1UHOANC43,B0006FL8PK,5.0,1345593600
ABXL5XB8RYBMZ,B004UAF466,2.0,1358380800
A3TSYC60XNFB5Z,B001H2P294,5.0,1247011200
A2NFP09AEB2ZUU,B003MOZHEA,5.0,1307318400
A3W06YJC2YACTH,B000068O3D,4.0,1358812800
A385HWKOKP0NYG,B000UWJUB8,5.0,1315872000
A3S80NW70FI5DW,B0009WPMQG,5.0,1243123200
A34DDSE3MHLQ3S,B00369V3LW,5.0,1294099200
A2FNQWQE6AOUH9,B004HHXJAK,5.0,1296000000
A1EQTLSZIJS9AJ,B009IAGVYC,5.0,1378425600
AETKLBQDM3ZWU,B0033PQV66,5.0,1373328000
AHYZ9Z19TRXCH,B0007KVMZ0,4.0,1210204800
A11OV9YAUUQUYA,B00FPPQYXM,5.0,1389830400
A2DY0N3U2WNIC9,B0012HK3JI,5.0,1300320000
A237M3YXKLNH0J,B00000JXS7,4.0,1002585600
A2ZQB3A706CSY0,B009QTLIUC,1.0,1376524800
A1466B0K48A00T,B003JIXVFG,5.0,1364169600
A1U4M7IQ6AK6GC,B0002E5518,5.0,1379030400
AL7BPN7YJ4T5T,B005N4N2GC,5.0,1373328000
A2053ZJUGCKUA5,B004Y0UWYQ,5.0,1361664000
A16YV0JOMXO8Q0,B002C3XL90,3.0,1374451200
A19L9M0WR0W2DL,B0002F58UA,5.0,1395273600
A1GOSFM9TNYL8V,B005J5MUKY,4.0,1368403200
AWF2F4IBAUDD9,B004ZKIPLC,5.0,1340668800
A33GGROUQRQZS,B00000145R,4.0,1243728000
AZCPAMKXBCBGJ,B000V0EKXC,5.0,1269820800
A2EOKT8BDTS8XR,B00403NKB4,4.0,1360713600
A3VQCSVQO5DJVI,B0096GYWFI,5.0,1374451200
A1IOJ96FW3T3C7,B006GP3T6U,4.0,1348099200
A3CYAA27XVVTS5,B0002D0HNK,4.0,1353715200
A2IAGYO5XBYI30,B007VQIBB6,1.0,1348272000
A1Y6LA0QJ6Y3GU,B000ULAP4U,5.0,1386720000
ALWLD5P6CXWP3,B005I2YI6W,4.0,1389916800
A4W1QHY16RXG1,B000W00X1Y,4.0,1252540800
ATWCOTGHS4C5C,B001ECQBQU,5.0,1292025600
A9A412WPPDWM7,B001B6Z2L4,5.0,1249603200
A1CM82ZOKF2H80,B00B6S56X6,5.0,1383782400
AZNYEDYAYC2C1,B0051WAJ5S,3.0,1403049600
APTCPP95D22TQ,B000KIHCB2,5.0,1356825600
A652FRVRYX10O,B0002GLCRC,5.0,1386460800
A399P01YRKT6KL,B005PWPUW6,5.0,1320537600
A3HX7DC4B3W5I0,B00AWU542C,4.0,1391472000
ALB04NLERUCYC,B0002GMGYA,4.0,1351468800
A2362RABBDGHXL,B001WLSYW2,5.0,1357430400
A1ETJZ6XQ3DDL6,B001T9O60Q,5.0,1366329600
A21SOSAOJLL7N6,B0064RDPVE,5.0,1354665600
A2AIMXT9PLAM12,B00BJSEF7Q,4.0,1367971200
A2I44Y2FYYREJW,B00CG66KLO,3.0,1391126400
A1IR2VI2GQ76PU,B00193WLZO,4.0,1231286400
A3DOEBEHH04MIT,B0039OONBQ,5.0,1364688000
A3GNFHJK5QQ3V7,B0002D0R1M,5.0,1357862400
A381E75IOEHH6G,B000E1PXDE,5.0,1351468800
A10JPACVSOML6H,B00280EOGQ,3.0,1326326400
A2R0DWGSHTKZ94,B003JME2IM,5.0,1294185600
A366R77OGRA7CC,B0023BYDHK,5.0,1392940800
A1STO9OVF0B8QF,B001FSJC4G,5.0,1246406400
A3BCB00Y6BG46V,B001Q9F34W,2.0,1292716800
A2NRFFLGV7EPCG,B005NACC6M,5.0,1399161600
AJV6IHANICMRS,B00267QEAK,3.0,1298505600
AT01FH4U3GP0O,B005PUAEP6,5.0,1353801600
A21U2TQ14ZW3DY,B000ARHBN2,4.0,1320192000
A2BJP3CJGA4XK5,B0054U46Y2,5.0,1384041600
A5LEFSEDEB8OJ,B004MF39YS,5.0,1381968000
A1CIOX12LWYOT5,B00026I0AO,5.0,1213660800
AKMDNPLMUXZAN,B003AYRUSI,5.0,1389830400
AXFNQUBRL1ZM2,B007ECZUPC,5.0,1395532800
ASDWKLU4B6KV2,B00003O9JS,1.0,1217548800
A1F29DXQ0GC4T3,B00132EJJW,5.0,1364774400
A1RU5V24STLPDM,B000J5XS3C,4.0,1301616000
A1LU44GNCTBYLH,B001CDL8KA,5.0,1224806400
A3P3H7TNI2P01Z,B000I5NUZY,4.0,1403827200
A2MYEO2WQ0F4TJ,B00114LCKG,1.0,1341273600
A1T46AD9TCZVOH,B006GLDPZE,5.0,1376092800
AE57DC3JY36WK,B004OU2IQG,5.0,1388707200
A09109152HKAJDLWWV6HV,B00B9QOMCG,3.0,1404432000
A8P0NG4ZPN51Z,B000EK0ZEC,4.0,1349136000
A1HMLKTHFS5KXS,B0039RGNHK,5.0,1386460800
A1R0J58ZAIRRNI,B002AGUPV6,5.0,1397952000
AYBHN19SBRJGT,B000LXTKMK,5.0,1255996800
AS2BOJJ82387F,B0038YX386,5.0,1319241600
A1M4FY6LNKE3O3,B002ZOCU5W,5.0,1366761600
AVVFBUDOL352S,B000GUR8V8,5.0,1279756800
ASX4CYJ4VS1I3,B0002KZB5C,5.0,1390780800
AD749L2WYHQ2Z,B001Q8DH5K,4.0,1311984000
A3NJSP5BYPE30L,B001QPH07Y,5.0,1360540800
AWWMQBPOQGP7F,B007IE5QP0,4.0,1388275200
A1AMIMFESCKF4Q,B0010KGD4Q,5.0,1345680000
A3NBPRJQR29XMA,B00ATQF0E6,5.0,1387324800
A1PQFYJ6GKDJG5,B004XNK7AI,4.0,1404691200
A33RMAUQNIEGGS,B000J5UEGQ,3.0,1318291200
A1964LUOBF63DV,B006OTYCYG,4.0,1367971200
A2LNUIB8156VOJ,B002LCEWMC,5.0,1360540800
A211EDLZ71CSEK,B0027B41P0,5.0,1379808000
ADKYSHGWVSJOM,B00186I5MU,5.0,1266019200
A16YI9TO7P0OHH,B005ZOF2W2,5.0,1402963200
AG1OL1K3SFURN,B00BQ6KSNQ,5.0,1382832000
A1FTQ7EL02AKLI,B003GEBGA0,5.0,1368057600
A28J2I32128Y85,B0007ZEY5K,5.0,1362268800
A1L8IB1K8ETJW9,B00005LNIL,2.0,995673600
A2KRTK1H8LQI9A,B0002F797K,5.0,1379462400
A1I51O7CBTW73H,B004CKK8BU,5.0,1355961600
AAN4I9MGF4FAL,B000UVRY9Y,1.0,1230163200
A5479IJ6H19BN,B004RNN684,3.0,1375574400
A3HYUAPYW24N8R,B005JSDWBW,5.0,1401148800
A2G8XEJ7CRZBM6,B0002E54FK,5.0,1356998400
APDUJFLYHYG7H,B003I86P8C,4.0,1370908800
A2WZ6F9UQJIGOJ,B004HGDYW4,5.0,1317168000
A3ND1VV0H2AFY2,B00BLVOQB6,5.0,1382832000
AM3WP0YTTCPXX,B009E3EWPI,5.0,1359849600
A2HRSFHWES7M8L,B006BHICF6,5.0,1390176000
ANX18F7RROKUS,B000UJE6UG,5.0,1392508800
ARIAZDKER4REM,B0027AAYBQ,5.0,1353456000
AH5MILBZLEGZ7,B007E69TPA,3.0,1404345600
AJXG5CIN85P96,B00CI5PHJO,5.0,1373846400
A1RJD10TTI568L,B00005R0T1,5.0,1053475200
A22810LZ1TDWH2,B003LTJ404,4.0,1394841600
A3M60AYIRGQABV,B000KN2FUK,5.0,1321056000
AKYDGCKCY7H9F,B000CRDO4U,5.0,1332547200
ANCG7GK4PQWUV,B0056HEK6W,4.0,1360540800
A1C4LK495D1SX3,B004TE5HBU,3.0,1367107200
A2DX1XHI7HA58T,B004PFWYL4,3.0,1402531200
A35O9IF2OF80WO,B00A0XJZ6W,5.0,1353801600
A3V2BA3X3VX84Q,B000A2UN6E,5.0,1377043200
A2SDU97846TBHO,B001PGXIVG,3.0,1389830400
A3NCUKMRU94Z0G,B0002F78UI,5.0,1317427200
A3C6UPDWRFVXHV,B00KFNT22E,5.0,1405209600
A3I6TWBRT4L8TE,B005E0CPNG,2.0,1326585600
A2VR78CLHEHQ6A,B00063678K,5.0,1348272000
A62R3Y4CAVWJ8,B000025R1M,5.0,1384041600
A2MZ402N04DPDB,B001LJUVO4,5.0,1358467200
AGNI4GMWOO6QT,B00CDA0IUC,5.0,1398124800
A15YV4NARKMFXT,B001AYONXU,3.0,1361491200
A33TND2Y00ZCTD,B0002F5FF8,3.0,1389225600
A1AUDW7X02EEPJ,B003B01QL8,5.0,1385337600
A1XOTWRHIA577U,B003JMEPKM,4.0,1318809600
A21I7AQ10ALPKC,B0009V458S,5.0,1344729600
ANY1E6G79M01T,B0007OGTGS,4.0,1404777600
A32LXEKRIHLS7N,B0006OHVK2,5.0,1368057600
A1FIBYW2BJSU6K,B00B1N06PO,4.0,1384473600
A3JQQXDTVXT5O0,B00D4M5F0G,5.0,1391385600
A4PNZGWWSQH8O,B007LB8CLA,4.0,1389225600
A1ANXIZBD1C976,B000N2Q6WG,5.0,1328572800
AM8M5BAQRIXY5,B000K67YD0,5.0,1336953600
A3DPGE59AOR4ZZ,B008O0RKVA,5.0,1375401600
A3EDOA4UCC7GDG,B000CC3MXI,5.0,1241827200
A10V7C1KZNMM2M,B001PGXIHK,5.0,1348185600
A1O22Y24AEXVKW,B0002H0A3S,5.0,1326240000
A1GZXROGT8J9PN,B0051KES0W,5.0,1390348800
A3HI96P190HGRX,B00AKZ8D72,4.0,1383696000
A2M8T1A4O0GS72,B003VWJ2K8,5.0,1368489600
API8LHQI6HWKX,B000002LB7,5.0,1324080000
AQCEYR4ENSP06,B002JETL2S,5.0,1371254400
A2RIH08ISBC8A0,B002RM93JI,4.0,1277942400
AWYAVYVADSVUQ,B000PHJN9W,5.0,1357171200
A1K2CW3ZCT5VUK,B006KCERL0,5.0,1353888000
A3X84VDL37QUR,B00D69U1B0,2.0,1394755200
A1U60H9JC7QIOV,B0002IQMD4,4.0,1141603200
A3C3SKTAWNII5Q,B003VWJ2K8,5.0,1397779200
A1P9WXS05A8GR5,B004LLMAWU,5.0,1355961600
A3PAY3P1IWMLAK,B0002E51SA,5.0,1279756800
A1H5WDTJS8XETV,B000H5V8KY,3.0,1303344000
A1HN3HF9EYD28Q,B007V7R2KG,1.0,1396051200
A1E6TQJQJTBTYP,B000NJ0PK8,4.0,1268092800
AS7MMLX6TX491,B0002E4YYM,5.0,1385510400
AF8DM6NWL9API,B0002E3CHC,3.0,1363392000
A37KUY3B21OU3N,B003IP2Y30,5.0,1365897600
A145E236Z40M78,B004MM6RWM,5.0,1377129600
A1ALJ16PD9XE73,B000978D58,4.0,1356134400
A2440A044MIF0W,B000YIF3T6,5.0,1309046400
A70SLDY67FGIC,B000VBH2IG,5.0,1285113600
AQ4PIZW16W9I5,B003S3S0DU,5.0,1377216000
AOAUGZQ0CKIMC,B001U53JFM,5.0,1264896000
A2YJG317V45G33,B005ETZCKU,5.0,1337904000
A2LYP9YZXHA8RH,B008YTY9EC,5.0,1367539200
ARG0G64SFMK4S,B00009W40D,5.0,1320192000
ADOG9BFO5ASA0,B003VWKPHC,5.0,1404086400
A31J7GKR56V94N,B009K6KLZY,1.0,1398643200
A1T7TGHRRPZRTI,B00I0ZJ5HQ,5.0,1397779200
A2M1BW5AQLJLOB,B00378GEAM,5.0,1328140800
AYDZSZAJ622V3,B004ZQQPVI,5.0,1370908800
ASJAKT8DJIAC5,B0002F78QW,5.0,1335398400
A36QSSJNY2MLMB,B00E6Y7NS8,5.0,1389225600
A1Y3VMAQCOCDTJ,B000Y02BWQ,1.0,1403308800
AZVRBJN76UWV3,B001PB42NO,2.0,1332201600
A1TEKCWOEUFWI2,B0000WS6QI,3.0,1319155200
ACDNX5VOK1VGS,B00000HYAN,4.0,1214524800
A31ICX9MMR0N6Q,B000E0PPG0,5.0,1402099200
A2KZ9BPU43KKAI,B0002E1G5C,5.0,1404691200
A3P4I78OWPZG8B,B005FIFM14,5.0,1358553600
A1XNCV67JBJVF7,B002MAAW4U,3.0,1378080000
A1RL6PRUV34E50,B002IR3PS2,4.0,1353196800
A1SNLFTYSILOWG,B005IVUWDG,3.0,1391644800
A8RSEDOMNXPH1,B00GO55PAA,3.0,1392681600
A2VCKRS7RCLZUQ,B00005UNXB,5.0,1046908800
A1QMR5I7MBUEHA,B000RKL8R2,5.0,1367366400
A2HRZ93L6YXT3I,B0020288RI,1.0,1360195200
A1WQ8HXHLOV5LC,B0002H0A3S,5.0,1358640000
AILKGRMLEMGXC,B007J4AFE6,5.0,1392681600
A36YC5XDIV51Q7,B0043NQVFS,5.0,1357344000
A2188TZIAS9P22,B00433DI7C,4.0,1306627200
ADQOC0XEREM4X,B008DB1TSU,3.0,1398470400
AK0CIA71LMJKN,B000N3458W,5.0,1393459200
AVFG7QMRGU78G,B000LPNRM2,5.0,1345420800
A1A64UGCKN0EQR,B00074B67A,5.0,1358294400
A1GIIPXONCEEHP,B00001ZWKO,4.0,1334880000
A3UGT6KB0BG0E1,B000K19HYY,4.0,1399248000
A3M9BF2YR4E40Y,B004DDH4CM,1.0,1399248000
A18KMUZJJT25E,B003B1GY8M,5.0,1364947200
A1RYQD8Y7PBEPH,B005OZE9SA,3.0,1395014400
A2ALY8VJP3PEI3,B009LG46K4,5.0,1365984000
A2XPFSJMLSI2WR,B00D69U1B0,3.0,1385337600
A1L69NS1KCC44A,B000H2BCQ2,3.0,1391472000
A272VFO7Y25E87,B0051VJ38I,5.0,1394668800
AEKEWMMRUI4C2,B000JKRG5S,2.0,1237334400
A3775OP5VTX5ON,B004SMO13S,5.0,1347580800
A42UWT3S56XTF,B00EQDITGO,4.0,1403049600
A3GUMV38C2NETH,B003VWKPHC,5.0,1327708800
A83VM3WHD0518,B0002F7IK8,5.0,1358899200
A2RNS2I9YM8C3N,B008XEYT48,4.0,1370822400
A1UCK9X09QIAFL,B009E3EWPI,2.0,1361491200
A1UXZKPZVFLAQV,B000PCJ2UM,5.0,1396569600
A2JOYOSH08D61Q,B003JMEUCA,5.0,1293408000
A3GHV54CDBCKO4,B00008G83V,3.0,1144368000
AZTT20GPHI4VZ,B00AZUAORE,5.0,1387497600
A2UMXNK592CLFR,B00BU9KCXK,5.0,1393718400
ATR3328JN10G1,B002AEH9V2,4.0,1284336000
A1FOQE163DX0MP,B007RHVM1K,5.0,1371772800
A2898IQGLNJICZ,B000K6B5J4,5.0,1333411200
AFTQ2DSO5Q1CF,B000RYE5Y6,5.0,1365897600
A2WS2HIMMF026L,B003RAB97I,5.0,1299628800
A2XJXDMNK6Z5PP,B001EW5YQS,5.0,1374796800
A1IP276U4TT2FO,B0002U8BA4,5.0,1393113600
AUC5EE1QZ9BJ3,B004N1K4BM,3.0,1357776000
A1IIOI21S84D2W,B0079KQEOK,2.0,1358467200
A2QLGHUH0981L4,B00E6Y7NS8,5.0,1386892800
A24HN8YMPUHJR2,B003X0L7Z6,5.0,1341100800
A26TDW4YYRGUV1,B0002GMGYA,5.0,1371772800
A2XCQUWNBHLZOQ,B003202ZNK,5.0,1362873600
AQ3LB9FWP3EP,B0002D08OI,5.0,1323302400
A1DG33Q8FLOFHU,B001PGXKC8,5.0,1404432000
ATAHI2OX20DWI,B002VA464S,4.0,1332460800
A2X4HJ26YWTGJU,B0011FQK5C,5.0,1326758400
A337PGAFRHD4LP,B0002E1MWO,5.0,1287100800
A30U0WKPOU5VR4,B0029QRA1U,1.0,1261958400
AA8K0MIS6XQHR,B000U1RYL2,1.0,1290556800
AZMHABTPXVLG3,B002HJ2QU4,2.0,1381536000
A3N8GQX7ZMWCF0,B003WGHV92,5.0,1357171200
A2J6XZPU9DRGJB,B00098FKUS,5.0,1362441600
A2F92AOWTIUIB,B0002PBS68,5.0,1377388800
A2173TNVU96U49,B004NIFYD8,5.0,1396915200
A2YK8EH0KBMD2I,B00BMJ3N4S,5.0,1391040000
A1MUQZOIY8TLD9,B005SUUG0Q,3.0,1341273600
A1AFCQKA80JLCW,B002IKK6UE,5.0,1360540800
A1G9UEWALDT9JI,B0002BG2R2,5.0,1337385600
A1EKICS1M391LH,B001RMHBHK,5.0,1377820800
AKJ0T8278SJDJ,B00I0SCD72,2.0,1404950400
A30D76CEXC3F6U,B00466HLWO,5.0,1366329600
A3TG1BJKM6XX06,B00FOXZBKC,5.0,1404518400
A14PIQ73YSO7DP,B001ND97AC,4.0,1243036800
AACRBWV0OPX5W,B008H1XLM8,5.0,1361577600
A36OAW3MPOXJQF,B004Y03LSA,5.0,1403568000
A2LCB486RPJ2HP,B000HVXMNE,3.0,1262476800
AV66Y8F7BPD1B,B0002GXZK4,5.0,1275264000
ATFNYH6BT0VNV,B003HZUUA0,5.0,1378166400
A99H7T2BOLOM4,B001SASQ3O,5.0,1295395200
A28V5LT1W98UJJ,B00DNDR29I,5.0,1381536000
A1T2ZLVYHGSPIG,B005CA55O4,5.0,1387238400
A1SPN0MQFYH4CY,B005Q3XZM6,5.0,1388620800
A2YK0ONJA76PGE,B0002EWZLQ,4.0,1373414400
A1CURDV9SLCNU,B000U2G6VA,5.0,1329436800
A175AYR6DMOIQ9,B001EUE3TO,1.0,1239321600
A2AN4ZCXOAGRCA,B000000YXC,5.0,1325808000
AKKZVVM1TD92X,B001F08D4E,4.0,1316908800
A8PHT9B0W6DZT,B0002GZIUO,5.0,1357344000
A1P0ZC3PVSKKC2,B0002CZSDK,5.0,1361059200
A3OTAE8AQSXPQ7,B000MFK1ZW,5.0,1381968000
A1G7FO1FQTGE7Z,B009GAZ58M,5.0,1375574400
A1SIC9WHOSPJZ7,B000EENH5W,2.0,1310169600
A253G6K7BTEVNI,B004CZZZ2W,5.0,1370563200
AVYMK3OYTWTCD,B0002CZZNI,4.0,1294185600
A19W49NBM0ADLB,B0047QTLVC,4.0,1356220800
A2XE98WRARSZ1C,B001MSS6CS,5.0,1355011200
A299OB5PXP7N7C,B0035FZMXM,5.0,1374364800
A24ZZF3ZN61ABK,B0040FJ27S,5.0,1400803200
A1VH9UUEPU04GX,B001UH10F6,5.0,1389052800
A3SUV4W0VI9GMF,B000RPNXVG,5.0,1369699200
A34M8UKQ69BFBN,B0002DV6RQ,4.0,1331337600
A3RP2LYY5XUH5D,B003TMEGBK,5.0,1319500800
A14X5J2DHTYGT7,B0006676A0,5.0,1372982400
A2YZH43XKEVE0Q,B000EEHCVM,5.0,1386201600
AVN4VRHONN7Y1,B0007L8BQW,1.0,1390262400
A30GJZ6E0NGZ3L,B001E2ZL5C,5.0,1398124800
A2JDKIV9BBA5MY,B000Q6EHA2,5.0,1401408000
A2XYS6ZAE15YBA,B0002UECTS,5.0,1126915200
A3MPF1405ERXL3,B0006OR0EO,5.0,1123459200
A23FYYB3EFCMLC,B000WIRFD0,5.0,1391817600
A1D3H2CZ54JB9J,B0002CZSJY,4.0,1316995200
A14P3NFECN7OJP,B00HQUQQEG,5.0,1400716800
AHIK3JYX9VOYO,B0002GYW4C,5.0,1398211200
A13IHIXX8SFPRO,B0058GAYJI,1.0,1348099200
A1WFQ8GGWZC3R0,B0002D0EN8,4.0,1248480000
A3AOB0VF6H0IF4,B000165DSM,1.0,1359244800
A341IBKH55OSHX,B00I0SCD72,4.0,1401408000
AL2BKQ3EBDVP,B000RKMZQ0,5.0,1373846400
A5PLTYB1O0Q85,B000K6AZWM,5.0,1236038400
A3JALN25O8BCY7,B005MLAG9C,5.0,1384732800
A1GY2FACI9BNQU,B0049P23YI,5.0,1353974400
AGY2127KOQUA9,B0002LDFM2,5.0,1309824000
A17DE7P28ACX91,B000RENODY,5.0,1261353600
AELOU5HCUL5M0,B005CX4GLE,4.0,1348963200
AIDDI3ILJ3P1W,B000CD1R84,4.0,1391644800
AEGB49B843XLF,B0002D0COE,5.0,1391385600
A1I82XWKE4WAU3,B00BFYHKJO,1.0,1381881600
A3A6H8SFKSO9ZC,B0021ESJ1A,3.0,1246492800
A3NFXWCEBEFD9U,B00F8KIJUK,5.0,1387152000
A2GIEO98YKY4ME,B000XPO2R4,5.0,1377561600
A3BF8KANI7RLV3,B0002GNUYU,3.0,1400112000
AHDO93GPX1N9D,B00332DIR4,5.0,1381968000
A2UJS97SM9ETU6,B0002F4ML6,3.0,1314662400
A16ULLCTA195QL,B000VSKPZG,5.0,1292889600
A3B9FYIJQG9KKF,B002KGT81E,5.0,1389052800
A3BS2XOXLQN8JE,B000E1S3PO,1.0,1341100800
A1L60F8Q3I2RLU,B00000ARA5,4.0,1240531200
A1JHCLQORRNAA5,B000B6FBA2,4.0,1403827200
A28HWDQXNLRGT0,B00ASHQQKI,5.0,1389052800
A3KY7X73RXJW0A,B00180M52W,1.0,1353283200
A14OPPO3EOJTK0,B002H9EGOS,4.0,1404864000
A258JLOEIO2O2W,B000OR4W3K,4.0,1402272000
A3OIPQ0N6E2JWT,B005FXLI30,5.0,1398729600
A128QZ19SDBSOH,B0002D0HXA,5.0,1391299200
A9BQWTSAYH037,B001APXNE4,5.0,1379462400
A2P39450TJSVIP,B001JI2KHS,4.0,1395187200
A2J5KAB86AIY4J,B000062SUD,5.0,1029888000
A2U464MHBV4A33,B0002D0096,5.0,1293494400
AU419WX19HU6F,B000NFWYZG,5.0,1386633600
AYTV08LDYCLF6,B006ZADRMC,4.0,1396310400
AQDXT533S625O,B0002E1NQE,5.0,1399075200
A1NRBQIRCAGE9R,B003VWJ2K8,5.0,1383264000
A9I0BU20QH4CL,B0002F77B8,5.0,1380672000
A23K39GB6B3CU7,B003AOI71W,5.0,1361577600
AYK9TKPNFS7AT,B0002TKJ78,4.0,1333756800
A1Y1U0QSS9Q6W,B00063678K,5.0,1369785600
A2D79RSV2U8RIA,B002PMHAVS,5.0,1386028800
A6FIAB28IS79,B0000AQRSS,4.0,1245974400
A1JPLBKPYH8X2K,B000FVCC4G,5.0,1278633600
AWUGUSFOPL40O,B0040DNDC0,4.0,1362614400
A6VRGV7YSCCN4,B0001ACMXW,3.0,1170028800
A11I4QMFDBD871,B0002LQUBK,5.0,1100649600
A1968HBFJX3AME,B004444O3W,5.0,1356998400
A2KH5H3VYU3ZU4,B000RKMZQ0,5.0,1263081600
A3H750X5L4F2LZ,B0052VE85A,5.0,1391385600
AIKDYQA4NKI7A,B0002GLCRC,5.0,1389916800
A1JEPVPEIFPZEI,B003YVGSR6,5.0,1295222400
A3241I3E0VZU0Y,B0016MJ1T2,4.0,1328313600
A17UL8UDW1P4GO,B004MF39YS,4.0,1349395200
ABYMLMN7XRDOR,B003M76KNY,1.0,1399334400
A3K0CRZ5ZCYCKF,B000059N1X,5.0,1125878400
A1ZCWCI02R7M3T,B001LNN30E,5.0,1400284800
A338ZNUNP438VL,B001F9J858,3.0,1233360000
AQWW9OOAMAJ43,B003VWJ2K8,5.0,1309132800
AVN3WZ6PE8TY2,B000I3NCYA,2.0,1229299200
A1M605DR8J4ZMQ,B001SN7QXW,2.0,1295395200
ADGDHF3PW6WSX,B0044ZKN54,5.0,1404518400
A1VY688L9N9QXD,B000B8FCW2,5.0,1132531200
AD8GDY38NQQH2,B0002D0JX8,4.0,1224028800
A14WIQS854555N,B000O56IC0,5.0,1331942400
A26DTQFHVRDVIE,B0002F5D8M,5.0,1290124800
A1T33XAML6DF5O,B0002EKJVY,4.0,1309132800
A23W5ARM61KGJP,B000003HAL,5.0,1306886400
A2STY7R6WNC1PZ,B000T9M7JE,2.0,1365465600
A27OGTOEWTR4SC,B000EDWLGO,5.0,1302912000
A35ZYU4DVZ4ONQ,B002ZX80V6,4.0,1322179200
A1TW69BJTUFG6S,B00CLJVPLG,5.0,1375056000
AVUW3BS46DTG0,B0000AQRSU,5.0,1382486400
A2JZANSGI3A7ZT,B000SBCBIK,4.0,1382400000
A10JUII7SZ3IFK,B00432NV02,5.0,1377129600
A5MKK1FT46165,B0013O7NVG,5.0,1331510400
AH79YJMCKL6S7,B0041T53KI,5.0,1404604800
AEPAYWBEZXQGO,B000BM7YVK,2.0,1251849600
A1KLLRSFIX6IO7,B0000AB166,5.0,1361404800
AHNEOEJ4TZWCJ,B000B67RUY,5.0,1359936000
ANXE5JRS6RXIB,B000KVUY00,5.0,1297209600
A2HR4ISU7MTE4H,B0065DZQCI,4.0,1363910400
AYV1DBL7KEQ4C,B00IJ23YS6,5.0,1400112000
A3A2K94LSI1PEQ,B004ZL7KDK,5.0,1356480000
A3V7NFPLRLFKZE,B00CAE9B68,5.0,1398988800
A148JOJJZQWJ37,B000VOBU9U,4.0,1264291200
A3F9H7Z46NK78U,B0098DFNY8,3.0,1392768000
A1DKZ4UKU52EVV,B0018TJHO2,5.0,1393372800
A16SC0TWQCJ29I,B007HQ5XCA,3.0,1378252800
A3EAVERRZRFQAJ,B000Z36FRE,4.0,1268611200
A27HISBV84DX9,B000A6EUQE,5.0,1335398400
AK5WMM8T4BJ2U,B005PONAGM,5.0,1325376000
A6ZE7TDDWM7BL,B000BD5O5M,5.0,1390348800
A3FDZJHE3WG01Z,B00160PRBU,5.0,1293667200
A1F4Q751KNPE6D,B000MCWV3K,4.0,1330128000
ANSXRS4XM2K4F,B000HMMHSY,5.0,1166659200
A33NOQ3Q385PSF,B000EELCB8,4.0,1361750400
AYHHT5X0XNF2J,B0046DBJ1Q,5.0,1400976000
AZ8GKQA6R370,B001NX6H96,5.0,1395273600
A3UEJJK2AZIYN8,B000H2BC4E,5.0,1394409600
A3HLCSI67X45NH,B002SW35UU,5.0,1304726400
A14TE4P8LQX991,B005DIKN6U,5.0,1396656000
A16OLHWP1BKH37,B004UDDN5M,4.0,1388102400
A10BYTL5JBGPWR,B001FWBWRW,5.0,1291766400
AJXPBMNA2J4N8,B00006HO3R,5.0,1356307200
A2WKM9APM5FSNO,B001B9JZ78,5.0,1369785600
A39J7LQLCCJB4C,B001QWBM62,2.0,1296172800
A2ZGGM5T3C1MLX,B0018TFBOC,2.0,1343520000
A3REGLTBCIRSRO,B0085ECC7C,1.0,1399939200
A1O0O4UQTKY50D,B0002GWQ9U,5.0,1241308800
A2QTNJTAXOXG0Y,B008RWHKJ2,5.0,1400889600
A2VZDQ8MCAAOYH,B000BCZ8YK,5.0,1374105600
A13NLCTMB02BTQ,B0002GWNNE,5.0,1389484800
AYB04GTEMO7GS,B000FET3DG,2.0,1384732800
A1WMRA5ZLVFHM0,B009Z01EU6,5.0,1351555200
A3JJGYNXP6WZKN,B004J27QXY,5.0,1330819200
A35F122I04CBN,B000K67UCK,5.0,1264291200
A1EQ2HOP2ZZ7DF,B008HD2YIS,4.0,1384300800
A2S6RNA6OF7QX1,B0036WUJDC,5.0,1369440000
A1UFR3ES57O9JE,B001EWDDIY,1.0,1373241600
A2C3RQVYYBP4SU,B0007L8AOK,4.0,1360108800
A1TOY6QMGO710G,B0018TCSHA,5.0,1335916800
A1KQ1A3P2PV9DF,B0002ZPK4Y,5.0,1238889600
A1LH8UC006YMT8,B000LPNRQ8,4.0,1302048000
A2R7S73ZZZXBXI,B006R0VHKE,5.0,1364515200
ATU40N4EF8B2U,B003H91E7E,5.0,1357171200
A9VVNBJHHMY7M,B0015DM2ZW,5.0,1348185600
A1VINPYDUHU44T,B00ATYONWS,4.0,1386547200
A1H2P3Y6UAKVAG,B004Y4H52E,4.0,1380067200
A1M03MEQQK1BIS,B003ZJQRAU,3.0,1355011200
A1F6YMM3J3NREI,B000T01POQ,5.0,1321315200
A20TFY5J3WNJU2,B000EEHFY6,4.0,1402358400
A1VO5YFS678JMV,B00359FQHA,5.0,1366156800
A17OGHVM362CQ6,B000GAQPCG,4.0,1389052800
AJHYPH7T2MROC,B0002CZTI4,3.0,1384732800
A28D4F0AAU19Q0,B006ZZUC1Q,4.0,1402704000
AGR739FOSAWJA,B00FLDG52I,5.0,1388793600
A26QVZ7RXFCYYJ,B000UJFR4A,5.0,1362960000
A1ZJ8K5YWEJ4NI,B005CXMOEU,5.0,1385424000
A2ZTZXRYZJU7B,B000OH8NA8,5.0,1180483200
A3UJUX6RZ9WVCB,B003WUHW38,5.0,1386633600
A2BM17BDCPEERO,B001MLYWV4,5.0,1323907200
A2MMDOLNKO21C9,B0002KZAKS,4.0,1352764800
A3P76R5TRIA6PV,B001PGXK9Q,5.0,1341187200
AE9KHZMRE1HNJ,B0052AA0MQ,1.0,1326931200
A239IYFSGKMAY8,B000BSMKPY,4.0,1398988800
ANWEYV7T4CE6W,B001P8O9EO,4.0,1265760000
ACS5IWGQY5X2A,B00BP18R12,4.0,1395532800
A1P8XX2TOJFEKX,B0002CZURO,5.0,1404086400
A29RFV0O2GGDNT,B000978D58,1.0,1326672000
A1JOS6YG8692ZJ,B0051WAJ5S,2.0,1390435200
A1PZNHA60RG2BA,B00005ABMV,5.0,1239753600
AL9461LXBIDQS,B000ULAP4U,5.0,1391126400
A1WFKS7Z6P1F5J,B0002GIRP2,5.0,1357948800
A2RBEA0DJ0FMRX,B0050SNCPM,5.0,1360713600
A101603336HUTI54CPOLI,B004GCOS9W,4.0,1393891200
A28VU1V0YFRY8J,1417030321,5.0,1140048000
A3E0IJV3FMHE9R,B000E3XAZU,4.0,1309996800
A12VMIXONPP6NJ,B005CX4GLE,5.0,1382918400
A12OZBKVNBJVOJ,B005J9FS0Y,5.0,1388793600
AP54RA047QN4U,B000NJ2TIE,5.0,1335312000
AVOCTKO97LGV5,B000BBGCCI,4.0,1292630400
A182FBAP5GJQMV,B00B3K4YTY,4.0,1386460800
A3IUX92PY69MSL,B000T9PE9E,4.0,1399420800
AYLE8H0K73N8I,B000K668X2,3.0,1343692800
A1MQPR60KJEDKJ,B002M42VXQ,4.0,1271462400
ASP3O0ZPLONFN,B00249PHYO,3.0,1325980800
ALZJMBRRKUEON,B0049SBVLG,1.0,1367971200
A2CBGIUMPHPYPM,B001ESQM1I,5.0,1333497600
AMSQ9BY4O8TQY,B005FIFM14,5.0,1356825600
A2EAG9BY5NNCZA,B0061ZUL20,3.0,1403395200
A1AV6XGZIFROCL,B000Q4ASAW,1.0,1253145600
A1P1JXUO0RH3KQ,B0002D0CQC,5.0,1337126400
A39M11H95QBWYT,B0040BD7ZK,4.0,1375833600
A395RVQDH28EK9,B0002D0E8S,5.0,1374105600
A11W1EDA2ZN81E,B0042LJTQO,5.0,1358121600
AN579HRY7KNJI,B0067MFI7A,3.0,1373760000
A2D2IOHX3GJ98X,B0014TOBPQ,3.0,1391212800
A1Q7EWODX773G0,B003VWJ2K8,4.0,1369699200
A2JYN5O79GMCDV,B00FPPQYXM,5.0,1388016000
AJEYWT0WWB5CW,B0006V6S0Y,1.0,1369699200
A166CGV1WLUITB,B006JRBEZI,5.0,1398470400
AO0Q2PNJM8X36,B003ZUCHC6,2.0,1315872000
A28XKQJVWGX88K,B00102VV46,4.0,1305504000
AMUP3M2Z2SBE3,B0094EOLI0,5.0,1392595200
A1PNDBUA5CHYDY,B00CFXH4S6,5.0,1405641600
A1M6HYR0N0B0V6,B000RTPBWQ,4.0,1376784000
A3D42ZX96FA6EW,B0030WPX6G,3.0,1305417600
A6VTWDP8WP7J8,B002Q0WSO8,4.0,1311206400
A3C715BKHI522G,B0002DNT58,5.0,1322179200
ABI9M2TSWCMCV,B0002GWKUA,2.0,1364169600
A2X59KUO8Z5JUB,B004ZT0RUU,3.0,1403568000
A24MTY9NNHGSOK,B003K16MXA,4.0,1370649600
A2U676TZ1IRK3R,B0035G08I0,5.0,1267488000
AUA5SY89OZJBT,B0002TJO92,5.0,1295827200
ARL3DOCRNYFJ9,B002RLLD88,5.0,1337817600
A6QAGEBVVO4DZ,B001SN7QXW,5.0,1277683200
A7PAHPIGOMZKF,B000TGHVGQ,4.0,1262563200
A9ASVK7PPHOX0,B0002HLL8G,1.0,1370908800
A2261JLYCRAPOK,B003GEJ5SK,2.0,1359072000
A320XXAG2XTYF,B003UVASTO,4.0,1294012800
A2MAFRG6QI112N,B0007XMUZS,5.0,1381968000
A1ZRLEV8KJI8YC,B004LLMAWU,5.0,1357516800
A21S79OVEP8LLJ,B0023E9NQI,3.0,1282435200
AEZXAOIDWQTNN,B00006JPD5,3.0,1180915200
A1W2ZA80QL8CT2,B0002CU0A6,5.0,1354665600
A25FGR1KQKHPWQ,B003AYQBQK,4.0,1387065600
A3B4L653KYTW55,B003DVGVIS,5.0,1383004800
A1DM241FROPVNU,B008U1P8IK,3.0,1367971200
A36CA3WC4MNL17,B000KIPXUE,5.0,1383782400
A2Y1S6OYHVEZXR,B000EEJH9C,5.0,1370476800
A2VN8FN1SS3X5G,B0081A9BPG,5.0,1360972800
A14BUNPD9ARYFC,B005FIFM14,5.0,1398470400
A41FBYHEWP797,B000EHWJ9O,4.0,1274918400
A1NEYBT9MDZBBF,B00E94SMSA,1.0,1383696000
A1O5QJWZVR0KCZ,B004O5HH2Q,5.0,1399248000
A3SCHTL1UWV5J7,B0002IL37Y,5.0,1396483200
AYTJTM61W5DEO,B001Q3KJY2,5.0,1363392000
A3QPOL10AKF5IR,B000PHFS4Q,4.0,1391558400
A3BHYFOFY0229N,B0006OR0EO,5.0,1241568000
A1OHTBIEISS3NH,B0052U1HOQ,1.0,1391644800
A2NOZB6VZCTOI4,B000TZTPQ6,4.0,1353196800
A1EZJQR0OJMFPD,B000ULAP4U,5.0,1301961600
A3L1SMKIPRQK8L,B0027ZDU30,5.0,1360368000
A2IKH0M03RKTXE,B002RGPQJ0,5.0,1399680000
ARAR3323ICNLF,B000068NTU,5.0,1294185600
A27UTAOSO5GP7X,B0002VB8AS,5.0,1323820800
A247PFMMTWBWMT,B000067FTO,5.0,1202256000
AXFI7TAWD6H6X,B0000BWVMZ,5.0,1142553600
AAVU1S0K413I7,B0055RESXI,5.0,1363651200
A2POI4J5JFJLYX,B0002GML4U,3.0,1300147200
AO91P7XELYXRX,B003DY5Q4K,5.0,1398124800
A3HR8DW4SHRENH,B003WM56GQ,5.0,1394755200
AXPFGW8TWWLFX,B005AQSENE,5.0,1376352000
AO7TLK76AI6D5,B000RBEYQ8,5.0,1307750400
AJ63YC1KD29P2,B003B0I09Y,5.0,1399248000
AH9YS2QVV8X70,B0002GY7MO,5.0,1405296000
AELR7JLDHXUEK,B0002F7K7Y,5.0,1341532800
A12X5IZCXN492U,B0016ZZKJO,5.0,1271462400
AMVD96G0QD60P,B003VWKPHC,5.0,1396656000
A1ZK2EIWXAM4JI,B0000W3Z0U,5.0,1160524800
A3HU0B9XUEVHIM,B000H5U0BM,5.0,1322438400
A11Q8O57K1A0XX,B003XJLLCQ,3.0,1404777600
A3MSKQXUE1Q7G9,B0002D0CGC,5.0,1300924800
APUBQALXNT58J,B00AAFE38U,5.0,1395273600
A49X8VEBR43X4,B0002M71VC,2.0,1394755200
AQT360XJ0PI4S,B0000AQRSU,5.0,1354406400
A3IFLCYI12R9QL,B0051WAJ5S,5.0,1394668800
A28F4WMBHJLNTJ,B005H3TH4A,4.0,1359158400
A2X7ESKQMTHHDC,B002J0NKBA,5.0,1359244800
AOENHKHZ3A6YY,B00BHJNC4E,5.0,1405900800
A1VYFBHW6OHA59,B00003OPAI,4.0,1020816000
A1N82BBPB5816P,B0002E1G5C,5.0,1366156800
A1IM7HVJFNDGS0,B001REJX1U,4.0,1361664000
A34YANJXWBEUDC,B004TXJ5G4,4.0,1336521600
A1VVWOWI6POM8U,B0013FCW66,3.0,1240790400
A2TSATONYXTJ39,B004WDQ5CS,5.0,1403049600
AMPISQ3R6SDZC,B004LLMAWU,5.0,1375056000
A1086UFOXW96NA,B005M18JW8,5.0,1340409600
A1VFRKBURX7F2D,B0023BADQU,5.0,1395446400
A374ZM7127ODCT,B0006676A0,5.0,1362873600
A1OUCV9POJ249G,B000LNC0DQ,4.0,1331424000
A3FZQ32XSSIV07,B0012I8F60,5.0,1361836800
AKKMMMFAG3TPK,B00B2OWPG0,2.0,1392422400
A8QDI6MEYOO8X,B0002D02T4,5.0,1260576000
A3UXUVC8A601N8,B008Y4TRPS,2.0,1381017600
AXYGOTWKGI2ZH,B004QJOZS4,5.0,1367452800
A1FLJ7QC943ZZ6,B003UHRVA2,1.0,1374451200
A36R9WHKQUM5TX,B0002E3KPQ,5.0,1387411200
A1XAYBW0U2HSNC,B00AFEYBH4,4.0,1365120000
AS5SFYQGKSC32,B005N4N2GC,5.0,1399334400
AQDRATIHAKWSU,B0002F5F9O,5.0,1343520000
ACIX8L1BBAPY2,B003AGPB5K,5.0,1371081600
ADKSJSPMIZA8A,B000LNC0DQ,5.0,1389052800
AMZHT6EKLICB5,B0002E2NCM,5.0,1241395200
A1UAEUYU9Y9SSN,B001AZJ03W,1.0,1292889600
A1OB9TB4FF7MCW,B00166MN5W,5.0,1298851200
ADNKG04OS6WNL,B003AJMPW4,5.0,1358121600
A3GOPMVSS4UXMJ,B000FCOJK0,5.0,1395878400
A28WC387SRWOOI,B003B0I09Y,5.0,1358640000
A2BAEVXC5LDVJC,B00HX0XOIK,5.0,1397001600
AG6TRKM6J8Y1K,B005VM5Z5C,5.0,1354579200
AH8MHXHLPPADF,B005TO9EPY,5.0,1372291200
AZMWHML5DJ6SG,B009AS1EO4,5.0,1392681600
A2VLTJFHRX3DK7,B000GLKRR4,5.0,1346889600
A1W958GXXKBCBK,B005BTNW5A,5.0,1357171200
A2N6K3CH5LPOS4,B0002EB5TY,5.0,1250294400
A2CONYQZVV07U9,B000000AZA,5.0,1026518400
A236U80NHTK35C,B000YID5OG,4.0,1358553600
ADXLUOM2XBR0F,B004UJO41S,5.0,1327622400
A14CU30OJ6DP49,B004443DZ2,5.0,1359763200
AR26N0VVWY9TE,B000FMP9JU,5.0,1365379200
A1CWGKUI4KU9WZ,B00ASHQQKI,4.0,1370908800
A15Z0016Q051B0,B0018TC3I4,4.0,1314921600
A1E8MX4OW1E8Z7,B002Q8V8DM,1.0,1335484800
A25IQU63GO58KU,B00080KNH2,5.0,1283040000
A1HJVE1PFFD10T,B00026BXSU,4.0,1373932800
A99UMIFCLB3H5,B004OU2IQG,5.0,1358985600
A3V4L5MCO3J9LI,B000FA38VI,3.0,1358380800
A9Q7TQ8XMUX5Q,B00CFOX420,5.0,1399248000
A3PCUGXRZ96LZ5,B00A62JG8Y,1.0,1397260800
A1E7FOJA8A94M2,B000KYTCEG,5.0,1231804800
A3F49ZMUC1GSRP,B000KIPTE4,4.0,1358812800
A3HIO3KLV5WHGC,B001DDND8E,5.0,1315526400
A3J3Z4I975GHH4,B007BKDGBM,5.0,1360281600
A1GMH3EEOBCXNE,B001BM7TY6,4.0,1262908800
A1NR9J3BB1FYGP,B0040JHMH6,3.0,1328486400
A38E09XJNUNP5U,B0009V4678,4.0,1174348800
A8MX3YBACFNV4,B001OUZJU6,1.0,1309910400
AQES9A9BCJ7CV,B0002CZSJY,5.0,1277942400
ADXOX9U0G0S6Q,B0002CZW0Y,5.0,1383436800
AYDCI2OPTQJIC,B002UR3JVI,1.0,1399680000
A23Y6IUBEOVWNP,B0064WE20C,4.0,1362355200
A2I6JOML732BT0,B005PH130E,5.0,1396742400
AP9PXHZ0LTACL,B005M32RL0,4.0,1375660800
A2MUNUJDYLW0QN,B000ULAP4U,4.0,1391126400
A3B34ALF3WH6HD,B000FB6TV8,4.0,1384387200
A3I1K3C7HZX8FK,B00646MZHK,5.0,1355270400
A2O82T45KOEZ3Q,B002CWP2NY,4.0,1404777600
A3AI7RIH70YXAI,B007MCRNDG,5.0,1389571200
A8MDAR0KTLHS9,B003B10PQO,4.0,1392595200
ATB2PLCVQ2XC9,B000K69V5E,5.0,1380672000
A2PK6JC8ZCP8F9,B002IC1D5E,4.0,1292371200
A2HMDN9HHJBVJT,B0002KZF62,5.0,1336953600
AF5VT7RMEHKLC,B000ULAP4U,5.0,1401926400
AESKKSDX6FPRU,B0027842S4,5.0,1402617600
AP9ZND2QATTWQ,B000AJR482,5.0,1391817600
A2CKCT5CZWDPW4,B005D7SZW0,5.0,1388448000
A32725TFR5AFAN,B00FGUPE9G,1.0,1386892800
A3LOJ2QHXITCF7,B0002E1O2M,5.0,1386201600
A20E7BTMCSBGV6,B000K7VING,1.0,1345334400
A136WP6EA87LEG,B000Q7VOJ8,5.0,1304640000
A1ZVMOQ77RR7J,B0018TIADQ,5.0,1384992000
A4JMTU9L8LMY,B006Z8YI0O,5.0,1396915200
A1I7TY8740JF7A,B000068NW5,5.0,1405123200
A3CSVI8FLFJ7KM,B0002E1O3G,5.0,1352851200
A30Z6NTZPJNN6N,B00AA4FLCI,5.0,1378598400
A2Q8HEWTM998RT,B000NY295W,3.0,1395100800
A3PWFI37AKMXXJ,B003B0I09Y,5.0,1290384000
A115YJRPQ3QI5U,B002QJVTNA,5.0,1376956800
A1365RYO0BLEMI,B000EELFI8,5.0,1348012800
A1ORHNH2RTJ12M,B005FKF1PY,1.0,1388620800
AERK8AKT1PT1N,B001Y8DK9K,1.0,1398729600
A21X4ZLXWU6J05,B0000037IW,4.0,951523200
AKKXHWGIZTU9Y,B00FLDG5AA,5.0,1385942400
AO4YZVV7N5FQG,B000WA61JM,4.0,1289433600
A1AMUNS2E308RC,B008HYKFDI,5.0,1347148800
A1U14Y7P22V1DM,B0006NDF76,5.0,1300924800
ACDIM6YYJL2OQ,B006KSM7ZM,5.0,1394064000
A3D94QC9S24DJ6,B0002E5680,5.0,1392595200
A3ISFSWL8KN7EW,B00BEJ2MES,5.0,1389916800
A14FC3ADQDNJBF,B0002GO13O,5.0,1184716800
A12N9Z2EZRAVDT,B002Z5FBWK,5.0,1309478400
A14VPVPTUHLHUI,B000CCXLTS,2.0,1333324800
A1DY9RIVIL3HLX,B0071E592C,4.0,1342483200
A2PAVYYC242CSZ,B001PPZF5E,5.0,1373932800
A22EBP6QPCPSL7,B00HC0QRIU,1.0,1400716800
A2UFZ8V1VX8Q9I,B003F63VGG,5.0,1357257600
A1HAFX7OWJRA6G,B000068NTZ,5.0,1321315200
A1ANRKHR4QWXJU,B00IAD18NM,5.0,1401753600
A2ECZYR6NWN5V,0767851013,5.0,1178236800
A3D5YWW73H2EZP,B0002E1UB2,5.0,1377302400
A12Z8ES7T85KBS,B002OLTARC,5.0,1367625600
A1O31V2VQZSRGY,B004MUGAWQ,5.0,1315267200
A1DK4BCA8MJ03S,B0002GX6V2,5.0,1372723200
A1V6MH6KMGVCZF,B000GUR8V8,5.0,1336780800
A1MLK6KZDV82MY,B000Z8BHCW,5.0,1258070400
A3FPXJESB2GN1M,B0002F4VCQ,5.0,1334966400
A3Q5WRYLCG2PKA,B002GU5X72,5.0,1338681600
A3W898MP7TBV9,B006R16NPM,1.0,1367884800
A2T21ZV7PHQ1TP,B0002E583S,4.0,1388880000
A3483BDK6ZR1KZ,B0002CZSDK,5.0,1300060800
A1ZBWOAJOOGFJJ,B0002DVM8E,4.0,1345852800
A1R1Q8SKRHOUBI,B0073GYNPW,5.0,1396828800
ADBMNW8BISMGB,B00006HO3R,5.0,1167868800
A2MYCOTR9GY4H2,B002EP80II,5.0,1253923200
A2FBOBKH8DH84I,B0049P5U7A,5.0,1359504000
A21A67DUWFQBIZ,B000B6DHB2,5.0,1403827200
A3P1GWFE91JP1G,B0033PSGSW,4.0,1361836800
A1XP919OH7BPI1,B0030Y6FEI,1.0,1389225600
A3GVEHMLE09AND,B00DJ5UJ5E,1.0,1384560000
A3S5898P28WPFS,B001NW7BO2,1.0,1284940800
AXXTANF6EECIZ,B00ECXXJJK,5.0,1381795200
AAZHBVXAELR8U,B000E1YX9E,5.0,1395532800
A22I6KVN9QD2AN,B000EEJFEE,3.0,1324857600
A2CGLTQSOX2UYM,B001T21J80,4.0,1285977600
A3HLPRIS6G9IWU,B0002E1O2C,5.0,1323388800
AJWYMJN9R5R5G,B0002F7K7Y,5.0,1392076800
A3PQULECO9OAV6,B004TEWG7S,4.0,1394236800
A3N4NMWZXAK1CU,B003IJ7BL6,2.0,1306886400
AEEL5PMEF0UM,B0013E9SGO,5.0,1340323200
ALA9EIJ7G1SCF,B0002KZENQ,5.0,1365724800
A252NLST0NFWHS,B001L8NGJ2,4.0,1377216000
A2J2E65LDCPGDT,B0047K2M9G,4.0,1363305600
A2LG27GKBHTURY,B0007M424G,3.0,1316908800
A6KQUYTCRJO7S,B000EPVXWU,4.0,1278288000
A2BXLF32PHN9OB,B001R76D42,4.0,1403136000
A3TD5807JKBPZO,B008FVBX7A,4.0,1369008000
A1KJA3YL6DILU4,B002QGU4MU,5.0,1362614400
A2DH7C6SH026XG,B001NTGPII,2.0,1366156800
A3MU33YJNP2FNB,B000CCIVCA,3.0,1325808000
A37W9K1K7L7Z4P,B0002H0LQO,1.0,1357084800
A1NJ81AXW4RJ5D,B001PB5ZG2,5.0,1360281600
A1K5A7ZSU4D7UE,B005JERF8C,5.0,1404172800
A2XXZ7GB5FR5VH,B00AFOMX7O,5.0,1394668800
AEH1TFHK8FF7T,B0001N7SWE,2.0,1319673600
A39H479SA55450,B005QDO8YU,5.0,1336089600
A2TTAGETIN1QEF,B0002CZSJO,2.0,1293580800
AXWMXHYYO0POO,B001FA9WW6,5.0,1381968000
A3PBYBS4Z2H1PK,B0002GXZK4,5.0,1284422400
A1OWG6X3GH9OSX,B0002FOBJY,5.0,1293494400
AF181LE971Q5Y,B0002D01JK,4.0,1378425600
A25GWEPGH6CH2N,B005CX4GLE,3.0,1395792000
AQ0F438CYYT5L,B0018TIAA4,5.0,1356307200
AV8HK4F3S1F80,B007X6KKVI,5.0,1385164800
AELGXUVPOVGCP,B0002F5I82,4.0,1358467200
A18X2G6DMU2Y5O,B001MTKAD0,5.0,1380672000
A33V2XORWCL785,B00000IRYV,4.0,1348099200
A27HMAWJNA9P9T,B003XETQ7I,2.0,1362009600
A1TSQOCIJA3AW8,B000VJ2VCK,4.0,1170460800
A1SU6TULUNXTY9,B000VCBJ0C,4.0,1205712000
A11GAOHXCS8VEO,B0071V3EBI,2.0,1334016000
A2TFD88AHTYN6L,B0013OBUL0,5.0,1318204800
A2QHUA6QRESSK1,B0002E2LN8,1.0,1312416000
A20SK9KPI6PF8G,B002LCBCQQ,5.0,1393286400
A2WOUVM2UNSFHF,B005BSOW32,2.0,1377734400
ANFU965I5SPRF,B000FLHSAY,5.0,1266969600
AQ0VRNZTM1GKH,B0002D0I52,5.0,1402012800
A1BY1DTU9YQ4LW,B000BMCB90,4.0,1195084800
A1UDJYFICROJ3X,B0002BG2BS,4.0,1236297600
ANAMDBOTWJ522,B0002GLCRC,5.0,1366588800
AG3CNYUDT1LDP,B0093TQ2LK,2.0,1403049600
A3AKV59XI2GQHX,B001EH77R2,5.0,1308355200
A2TTGWTP74O3ZI,B001DFS4EK,3.0,1276214400
A2I2W3GXKGLB49,B0042TXPVQ,4.0,1377216000
AAKHWHFCEFY49,B002BSHA34,1.0,1365552000
A1RSC19ZAGBUID,B0002E4Y06,5.0,1218931200
A3VDSGNIS92OVZ,B004CUSJUW,4.0,1380585600
A3FVYDDOCF10K1,B00029MTMQ,5.0,1361404800
A3BTH66WVCQAM9,B0002CZV46,4.0,1379030400
AGOZTKGKHW93X,B003HNNNBK,3.0,1306108800
A3I4CGR32HG9BX,B000J5SYPY,4.0,1329782400
A3B1V3AUUV13R6,B004ZKIPLC,4.0,1327449600
A15UXS12XB6N0J,B000WS1QC6,5.0,1301011200
A3V0XIZE1H8M2E,B000JUB974,5.0,1398211200
A2RM9Q2IOL4G5I,B0000899WB,1.0,1366070400
A2O8D7Y9L3RNXV,B0007IOYF2,5.0,1212537600
A2RXJZQN90RCM,B003B07HCU,3.0,1358640000
A1B99PZMYLS7ND,B0002GX5NG,5.0,1358467200
A2CRPND39QKE9S,B0002CZVZK,1.0,1366848000
A1ZNACKDXOZ98W,B001HWPBG8,4.0,1304726400
A1PIR3AQ3USDLS,B003VWJ2K8,5.0,1396569600
A3J4FP5H8K37YC,B002LASBQM,5.0,1395100800
ALV33FTOC032I,B000R2NFGM,4.0,1364256000
AWK330JPGZXHH,B0033PSGDC,5.0,1374624000
A30WZFGVE9Y0PD,B002P4BSL4,1.0,1373155200
A5TRHLTU3UFJV,B000068O58,5.0,1374537600
A18191VJIWSE9H,B00BC0JIKU,4.0,1368316800
A1K3NEI3SW32QR,B002J0MAUW,5.0,1401321600
A3PZWXBC838Y2C,B005N4N2GC,5.0,1356652800
A2HXGK4Q4I7ST0,B007580J88,5.0,1375488000
A16ZKUFXHXQFW5,B000U1U1NA,5.0,1196640000
A3V2ESDQOBDOWM,B004Z8VQ2O,5.0,1328313600
AVR4B0TBYQY7M,B000XPUT4Y,5.0,1257897600
AF3HKZ8K8TDQJ,B003CRZ0IA,5.0,1340668800
A2QGV83YCWQT8J,B000PIMDCK,5.0,1331337600
A3TU15E73PAEUT,B000O9OOUE,5.0,1368144000
A1S8OZVPGT1702,B0002CZXMQ,5.0,1400198400
A10MM4MJPA4MK7,B000L7MNUM,5.0,1331251200
A3SFQIZLZ3T1YB,B0002F4W66,5.0,1365379200
A3LIWWSLPHTR0T,B001FB5YYA,1.0,1364774400
A247BSC8IQR0WK,B000FPQFKO,2.0,1192406400
A26BW8YJVF39RC,B00EZ3COHK,5.0,1385078400
A3R3IY0UPO3ONN,B00646MZHK,5.0,1393459200
A9YRIRRX1MRL0,B002M8GBT2,5.0,1365120000
A2CCBXEF8RGH6Z,B0002UECTS,1.0,1144454400
A32NMAK31RVPQ8,B0012OO9YG,4.0,1368316800
A1UE68T73ZUDZS,B000Z38F4A,4.0,1400976000
A1ZRN8K0I4NJS3,B002HM0JJQ,4.0,1337299200
AQZDDIET414BF,B000KIPD5E,5.0,1400976000
A2QKSZ7ZYLDS61,B001URCWXK,5.0,1306886400
AV9805Q8YYY1S,B000LXTKMK,5.0,1370390400
AWT5I2EQF9WE7,B0002D0CKI,5.0,1255737600
A12B29LCH6RIDS,B003AGZ21S,5.0,1399593600
A316H8SP8RBBGK,B0002E3AHE,5.0,1394496000
A210S1WUPZCPTE,B002X49732,5.0,1360195200
A3QTFLU2ZWH7WS,B0002F7K7Y,5.0,1350345600
A8SI1PMXHKJEI,B003C1M5HA,4.0,1390348800
A18AYRYL1TY8VP,B0000014ES,5.0,1168300800
ATV2BSOCBT2IS,B005EU4DS6,5.0,1387411200
A1RGULNOLDO73L,B00029MTMQ,5.0,1371945600
A1I8Z5JI3CFAC0,B0002D0B4K,5.0,1362614400
A2G8CRN3U15W9Z,B008G33GY0,5.0,1361232000
A2GSUUMPI0Y0GI,B002MV4JUM,4.0,1388016000
A85RUT7GI30JG,B002KWG4QA,4.0,1377907200
A1OAQZBCSNK81A,B001727KOY,4.0,1395014400
A2QNJZ7OJN95Z1,B0018TJ896,4.0,1288656000
A3D32003WJFR1I,B0012AUHXW,5.0,1389744000
ACJB0BLEPM6SA,B002OM3YLY,5.0,1381190400
A2VT34OW9M8Y4S,B004V6PNRY,5.0,1382918400
A1BUTC3SA3ZJ10,B001PGXHX0,5.0,1388275200
A23033Q9WZBG4V,B004VCW556,5.0,1346976000
ASG5WTE0K6YW9,B0002Y6BJI,5.0,1395619200
A3CN9CCJUNIPKT,B002RWX5F6,4.0,1379808000
A3G6LJN6DVWCBP,B002AMUMKO,3.0,1295913600
AEMPTZB9D6IUD,B00GTSM9XI,5.0,1401580800
A2LML04RAQ53T,B00BYISQTO,3.0,1370390400
A3PIXJS2CCY8C6,B000004AGL,5.0,922838400
AB7XWK14RURHZ,B0002F6JV2,3.0,1369353600
A3K0EEEJZUW00V,B00001QEFT,4.0,983232000
A2P5FXX7L6IM1Q,B004L9KLT6,4.0,1397433600
A2UD2GA60PQK14,B000FT0G96,3.0,1168819200
A16M84JQSU2C1U,B00C12PR9E,5.0,1394668800
AQ3NPUNI6ZN4R,B000B8GTME,5.0,1194048000
AKJ4MY84XI0RE,B0016MIZ80,2.0,1317081600
A1IOX4VMUJEEGR,B000ULAP4U,5.0,1337644800
A3O9YMMBT3DGGQ,B0018TIADQ,4.0,1369958400
A28RB1QYL4BR7Q,B0007R2DEM,5.0,1379203200
A1LB8PMRMV3IM5,B00F6283MO,5.0,1391385600
A16XBWM14C0U11,B003HGLTJ0,5.0,1361836800
A1GYLHNUY9LJOT,B005MR6IHK,2.0,1377820800
A2X7NBUETXC19E,B0002BBVN2,5.0,1376438400
A2DJWPAR41LBA,B0009FUTHU,5.0,1284249600
A2P6KJA2DG25FQ,B00CTMPINQ,3.0,1389571200
A2C5QFKJ3RO013,B000LQLDM2,5.0,1360454400
AKU8LECWBJGYK,B0026RB0G8,3.0,1378512000
AMOZP8NA5HMWG,B000N7ZAIC,4.0,1339459200
A3IGHXDOQGWJ4B,B004T6M7DE,5.0,1321315200
A10TJ5H1DHXDSC,B0002F4STW,5.0,1293321600
A30NXPYG09J0L1,B001J1K536,5.0,1383436800
A1A02QP3G2812E,B0019MPF30,1.0,1376697600
A36WX8HKEHM0G0,B003AZ28RK,5.0,1337299200
A1QOHKOLL6ZET,B0002KZTM2,4.0,1368403200
A2R713BPYQBINK,B0009PSW0G,5.0,1391299200
A2RT0EL75MUBI5,B002KG9LWU,1.0,1326240000
AB46S90H264TB,B00CAGEIIW,5.0,1402617600
A24YMNNPYKLK34,B0002E3DDU,4.0,1298246400
A3USEQW8M4FCVK,B001J32H1W,5.0,1304640000
A3A122SQDIP1CL,B0002CZSJY,5.0,1322438400
AFOC5JE9XNC38,B0018TAITA,5.0,1369612800
A1NXP9KFQ6V6A,B0007OWAQG,5.0,1296432000
A3V2ESDQOBDOWM,B004BA0DP2,4.0,1323648000
A2E4UWODVSTY9Z,B0002D04Z6,5.0,1374537600
A2KWBJIS8TVJ2S,B00CE0VLXO,5.0,1376265600
A2BETCSCVKTBBK,B0002F7IGW,3.0,1169424000
A32RWM5RM9D9SM,B00GPHHKGO,4.0,1391472000
A2K13RLQ48Z7BB,B008PKSNOC,5.0,1361923200
AV1NE6SNDME6N,B000E3WXG2,5.0,1391126400
A37H473BZHX9P0,B000ULQTE0,3.0,1355616000
A179SWCQXMZ63O,B0047FS5MY,5.0,1336953600
A1OE83PCAPKBTK,B003K16MZI,4.0,1306108800
AXYP3YFFYUJ4N,B000F9H2Y8,4.0,1389657600
ALMAA47CIMG0N,B000EEL3EO,1.0,1338940800
A2WSQL0EYV7MYI,B0026IC6Y2,4.0,1382400000
A1OGCTXJY0JF60,B00C9JKH6W,4.0,1403222400
ARBCOEQNK389G,B007X968RA,4.0,1401235200
A23Q3C254VAWQV,B000BKTC08,5.0,1311984000
A1539UNBX8XSUR,B001PGXHX0,5.0,1373587200
A1330915OCQBJ,B000EELA0Q,5.0,1315180800
A1AQ20ES335GUO,B005N4N2GC,5.0,1365638400
A2S8XD4TL2JJLS,B005CUEJOQ,4.0,1377734400
A1I39NEL838ZBA,B001PLG084,5.0,1388707200
A3JO9V3EOT2X2B,B005GDEX4K,3.0,1349654400
AO28PVSP38PEC,B000BO0LO0,5.0,1143244800
A9EDH1T3X1Z50,B00AOFJBSI,1.0,1391212800
A2SDO6BN5RFPZB,B007885NOA,5.0,1359676800
AXQ1W6P0P0HC9,B009E3EWPI,4.0,1354492800
A3TAJK8NHVE3J,B002Z5ZOGS,5.0,1392768000
A19SQT2QD0GJSI,B006X0TSQ8,3.0,1387065600
A25XKULNFL0878,B0049J4O0K,1.0,1390262400
ASG42G9QTBUX1,B00BINPI1Y,5.0,1374364800
AR382IRU9MQRL,B003L51CUI,4.0,1377302400
A3J6WH2FXX22HX,B0006676A0,5.0,1403308800
A1YWS79EBRCZSY,B0037LLG2A,1.0,1384214400
AMJG32GZ88V75,B001FSJC5A,5.0,1339718400
A1ZV4M12IMGQWN,B000RW0QFU,5.0,1403740800
A12BNXB1W4Z0RY,B00E1D2LTA,1.0,1397088000
A11HB3LYLIQNZP,B0006GD0UU,5.0,1358380800
AASBL9LBCS2K,B001RTTCMA,5.0,1335744000
A2U2X26NE0SA7Y,B003XKCLI8,5.0,1384905600
A29KIDY1TN5KHM,B001G43G96,5.0,1356998400
A2QMA2MTLE8WEV,B0002F75VA,2.0,1289001600
ASQ70L3TGI8D4,B005EHIN12,1.0,1338076800
A3OEZ08XR68DG8,B0002LD2WK,5.0,1312675200
A5FOTO04MX3O3,B00192SN5W,5.0,1269734400
A26XO77O4UZAM1,B0008IUW0M,1.0,1129939200
A3JBRKD6VIH2EA,B00FPPQYXM,5.0,1405468800
A3NAA6BH9LWIH4,B003VYBD58,5.0,1369353600
A72N13TAGGYTM,B003KVKT02,5.0,1382832000
A2A8V2PJXYI4OB,B000CEV63Y,4.0,1263081600
A1DD8VV072IQDH,B00005UO8Y,5.0,1273622400
ABEOSDGJZODNT,B000EEJKSA,5.0,1392681600
A2G4G88YCFXXOT,B003DNLLQI,5.0,1377216000
A2UFH9M5BED8T2,B0013VD11K,5.0,1310774400
A2ER7LNYMB4343,B0002F57BA,1.0,1371686400
A22GH0S8YRJD52,B009ZTS92I,5.0,1393459200
A3II7VQOJ0Q1XD,B00F0O8SZK,4.0,1386633600
A2ZVD9SK38K78W,B007BXIK06,5.0,1374105600
A3ION75BA6FFI8,B002KKVUDO,1.0,1306540800
A1VHXR7NJ6XJ44,B000WYCS7M,5.0,1398643200
A3B5A5UKP1ORHN,B0026RNERQ,4.0,1388880000
A297B7K0C3F5XB,B0002CZW0Y,5.0,1396828800
A29A2O0Q6ZE7J7,B000P5PKTG,5.0,1352246400
A2ZSOOGZY8NN59,B004INGEB4,1.0,1379462400
A3S8BEUKFLF765,B001D07NDS,4.0,1355443200
A1LBROU1JZAMC7,B00B1N06PO,3.0,1389139200
A2QOKB41F4RFHH,B00004XQ83,5.0,1006473600
A2055ENYIRDZ8R,B0002FP364,5.0,1385337600
A2PZXKT8304M7O,B008R7F31Y,5.0,1391212800
AJPWAII61I71V,B0012FE1SO,5.0,1331424000
AK9IG835URR77,B003VTBKTW,1.0,1341014400
A3BEIJ9NZCR7Q9,B0065KPM1Q,5.0,1380672000
A1NNA75YE3NUVL,B005N2AQXG,5.0,1368316800
A3LQOERBEL2UZA,B006ZZU77A,5.0,1385424000
A1RQE7WXWF9VTB,B00009QP4D,5.0,1291075200
A248793A60YW7W,B007ZWSU1C,3.0,1385769600
A1SK3SJCVPS2SV,B004VSQ5BU,5.0,1385337600
A2B7XDVPCXEN7J,B0044R1M0M,5.0,1387238400
A2ZXI1M9FJ2OEC,B0033290CQ,5.0,1394150400
A3BNO0EY0WT5XO,B000KUBODW,4.0,1349568000
A2XLO0SYKLV6MB,B000EE8YPK,2.0,1403568000
A1ITYOIKE8EYPE,B0002CZU7Y,5.0,1369440000
A2HSJ86VLCTC0I,B003TSEFKG,5.0,1377820800
A1LB873UZ0BLK4,B0010GKX0K,5.0,1377734400
A2SK4IK0J26RTM,B00INXSJ22,5.0,1402012800
A3E6F9AO270YB,B002EGASU0,5.0,1309996800
A2Q230L0O8SRT9,B002F920XO,5.0,1275264000
A2A8FE1WKMYC8C,B0014N26D6,3.0,1391040000
A172278KUTDML,B0002DURNK,5.0,1357084800
A3FWUGE8G2S93X,B008ZD4RWG,5.0,1370044800
ACTCLX4QG37UP,B00249LB9E,3.0,1298073600
A2QAOP52OEB5EV,B0016MOC28,5.0,1291507200
AVXV7YWGPWW4A,B002RXXOX8,3.0,1388880000
A24A7XOOC9IQHQ,B000HG82AW,5.0,1246320000
A1MKI8U0B5F9BO,B0032W0QV6,5.0,1403827200
A9QYGED0Y33SH,B00008UVCN,5.0,1361836800
A3V6TQY7I3G34W,B00093ESSI,5.0,1398470400
A2ZRDG2BREBH6E,B005OEBVY6,3.0,1373241600
A3PQ9Y0NLGHJ83,B0002DV74I,5.0,1325548800
A1CSB9FS3SLHJO,B00BLQTZDA,5.0,1372982400
A1F3U8ICPGQZ5U,B0002GLM90,5.0,1355443200
ALAJL3S09HBS7,B00021T5SU,3.0,1344816000
A3DFNCX2QPR2CG,B000KIHCB2,4.0,1390262400
A1EJKDJ0K6G50,B000RG1BH8,3.0,1250294400
A3PZ9TSG009ITI,B00EYZMD16,5.0,1381017600
A1UBBIDQTDDF79,B000JFZA1U,5.0,1325376000
A1O5OUB59BG91G,B001GH3CYC,2.0,1329696000
A36CCCKK6YM1ZP,B000EB68VK,4.0,1242604800
A157YT0IMF1941,B0006OHVK2,5.0,1383350400
A3TDVSVKNGPZNN,B0098I41H8,5.0,1352592000
A2MUNT5P2FFHRE,B0053HUBRM,1.0,1360454400
A1ZWJ78JQP1VOP,B001UNVJ06,3.0,1378166400
AG11XVC1KP9IJ,B00CQBJQ56,5.0,1390867200
A12USU50U7IBSN,B0007WQZGY,5.0,1389657600
A1XAS30U04A5Q,B000RNB720,5.0,1373241600
A3GZ4FZE365SVJ,B0002MJCIM,2.0,1325376000
A3811IDGD9A2B4,B000007NEY,5.0,931996800
A1XSFI8VWOK399,B0002E3FGA,4.0,1352592000
A2MVL6G3VCAKEP,B00008NJ6V,5.0,1254528000
AFH7C1RKAOHI3,B0002GWUWS,3.0,1323216000
A2Y7BSQG9V3LNG,B005J5MUHW,3.0,1372723200
A7O84T8MC6IV0,B0002D0E8S,5.0,1403395200
AWGE09NZSNIQ4,B0002CZW0Y,5.0,1374537600
A3O7IQIDTWLGVV,B002TQMPLA,5.0,1259366400
A28EA8CNFQ0BDT,B000AYHY5U,5.0,1286928000
A3H9JSM1SUTE4O,B004CZZZ2W,3.0,1299715200
A2ATXUAH53OUSV,B009LL32B8,5.0,1356652800
A5ZIG5VSPO9JR,B0009V9XBC,5.0,1198713600
AWOJJFK4WD0LI,B000E1PXDE,5.0,1405036800
A2L2Y18DRQSKVW,B00EJ3HZAC,5.0,1397433600
A2XFSR0WS88CIU,B0002D0CEO,5.0,1263859200
A2G4451ZB37TF8,B0002D0KFA,1.0,1255132800
A2YDR7AMBQ0MN5,B00BTIW4JC,5.0,1377216000
AFPBD3449QLOH,B003L51CSA,4.0,1373328000
A2OHBPWKKL4LAV,B000JLU26W,5.0,1396915200
A3MREBLKUF7Q3Y,B0007TYQ7W,5.0,1309564800
A3414PTKV22V6J,B004F1NDP4,5.0,1389484800
A11FFH8P4CF2CM,B003VWJ2K8,4.0,1362355200
A3N4UHDQ2TMQ94,B00009V3TU,5.0,1125100800
A33AMGJABMCREL,B003P17CQG,1.0,1367193600
A381XR6YNUON3O,B009CIIWQA,5.0,1390780800
AGGFM91QA5G8M,B000K19HYY,5.0,1379980800
A2DXEIYAF3SV00,B00FLDG52I,4.0,1390694400
A2FS38D943KX12,B0000021G2,5.0,1024617600
A3DE0MPCEL8DG9,B005FUIRB4,1.0,1329868800
A2NOZB6VZCTOI4,B000068NSR,4.0,1344902400
A1Y4E9NMUW69Z5,B0002CZTIE,5.0,1396396800
A1GWDAMF522HE,B003LQ2Z8A,5.0,1358467200
A1I9KZXMX6T3XK,B003B0I09Y,5.0,1379721600
AAGYLJZDWGWVM,B003VAI08A,3.0,1334534400
A3AIO4KGWB5RSD,B00FLDG52I,5.0,1389916800
A1ETGF5BBREMER,B0085FXANQ,5.0,1393459200
A28ME2HBOF1HFO,B001RTTCAM,5.0,1314057600
A2R7FBXSRBLX7K,B0012XKE1O,3.0,1297382400
A37JB20AQPL0I1,B00DSQ22SQ,5.0,1389052800
A1LP2UPVGOE70O,B003552MEE,5.0,1294358400
A3ILNDFA12AU5D,B000W5DAVO,4.0,1400457600
A1JKL9T1PUUYQM,B0085M6SUQ,5.0,1404950400
A29REX099UK1HA,B002TUTUIM,4.0,1292025600
AWO7I8YIL4WM3,B002RLLD88,5.0,1384732800
AGKX0AXNL9YY8,B00CDM7T02,4.0,1384905600
A3I8LI6UM8T0IF,B000IKSIOM,5.0,1334880000
A3KU7ZWOSLBSW6,B0000AQIFX,3.0,1074124800
AHVGNPNW47W9D,B0002CZSJY,5.0,1315526400
A2MH9C2FU240KB,B0002J92RQ,2.0,1335657600
A1OCB04G21H3CO,B005CX4GLE,5.0,1363564800
ATR3J65M1B11G,B00AZ4EPJ8,3.0,1404864000
A34G02PT7VSO0E,B0002E2TXK,4.0,1284681600
ANH6J6B5U6U0S,B000OF6YTM,5.0,1358121600
A1U0UQ1SU6J7BZ,B004XN7GJI,4.0,1392681600
A2P9A2M7GY0T0T,B003VWJ2K8,4.0,1381536000
A3FJB2MKWKICF0,B0002E3DNK,5.0,1389657600
A3EYSL6LGDEWUX,B00FPPQYXM,5.0,1387929600
A1JCRZEQACX4V4,B002L2HQ16,5.0,1352246400
A37WXLTT6PK188,B0002GO9MC,4.0,1358553600
A2YZQNNNJR0Z1J,B003B95ETO,5.0,1385856000
A1GIIPXONCEEHP,B0018TF0O8,4.0,1330128000
A2QP9ZPGXPM2P9,B000ULAP4U,5.0,1301961600
A2Y8O0CWUE92BI,B001AK9AWI,4.0,1302134400
A29TJ12KC63IUV,B0073XCXHA,5.0,1363910400
A3X7GQIK661GY,B00CBPAPZW,3.0,1401321600
A2NT1J90VJ7EBD,B000GBERZW,3.0,1398470400
A1QFPIO0Z2IWUQ,B00263JCSK,2.0,1345766400
A1ID9XE9XE3RN8,B0001N7SWE,5.0,1260403200
A271QPK17TTIBY,B001WM6WNE,5.0,1364688000
A3H9PF785RMQ2J,B0090Z41DS,5.0,1356393600
A2P82AXJ9OD9CN,B0085M6SUQ,5.0,1357430400
A2MXN63DZTYT1B,B00466HM28,5.0,1358812800
A1P5V6XXNGUD9Q,B0023BYDHK,5.0,1361059200
A3LD68F3FAFO80,B00005YB7P,5.0,1060300800
A2ZBSTQ4XO2OX9,B001UJIMSM,5.0,1315785600
A2S813Z08C412B,B0002NRMLK,5.0,1385424000
A3LPH7UKSRHO40,B0002D0KL4,5.0,1350345600
A1VIL4I2Z1J4O3,B0058DD0TW,5.0,1313020800
